1bcce1856373bd0b6e7a64a0eeb6cec82d8753a2.mp3,35QL610I
f50b777cf56347a6ddc87b3fecf60c71180d4fc2.mp3,NDQSTUL1
3b199782777f238882fd15b929ab33050b44c180.mp3,CTVPW6XM
fbf4a49381b4c8a424f63a771f0e085fec0b90b8.mp3,6Y6TX50S
5291d0e7422eaed7bca7f51d570a568856b2f6b1.mp3,NS33R37U
487d6ca4a82692c3cf7a19e3700329f0b1c9885d.mp3,1WFF97XE
d84015537f15745ec82d8c4d1deb88989693779e.mp3,K8XREIFJ
7c7c17e133cbd0f8b5e0acec022a82667482f396.mp3,XC0F6OD4
8449a154330ae54a74832328669e526155a11550.mp3,01YPF9MH
f17135e59c2e6b2a39cf6b8c2b52a10626e4e14a.mp3,JLUENP1R
2bca0e888a87b40cff75057d492a105a05bbeb96.mp3,HEZUKZZZ
48bae0a59604027e7734431d1a0054f544f7ad3a.mp3,3XTI0DLC
4d31d2888c37f2f140e3cae78b330fe074c01f50.mp3,O1YVL62T
2313d314714bfdcd177d824e6411bc21e01acb84.mp3,7ONQ37IR
bd88e1e5ac9bf838beebf91c3cddeb72dfec13a3.mp3,NL7TQF7I
6b577e85f2647cd0ca094481941eb18d700437f3.mp3,FP0GO9RZ
08f0d5a06c51be8550655b2a193e5eeb36554210.mp3,USGOT4VS
4e2dd38ac9c0b677ae8ecac1f068d9399db3ed13.mp3,7V9J30BQ
d473eac603ac036a240b686d1507e489da5aeae6.mp3,7RCT359V
046987793dc1c9bee2ed6cb775ee468522e64b35.mp3,KBFXWQPA
34236251c5c20e853026ccbeb08d187bebbbc62d.mp3,0P2XDMVI
7d61c3f40bde7138ff3e97446c6711269ff1fd33.mp3,V9GYZGI8
333b6b5bb85e4b7f596495840f7d28523a96452b.mp3,5SSEK22C
79ac28280fd0d0a0417865255e48382298d894f8.mp3,98BVC4WH
4a3ee1a6de7d3b12d3cfe091129be8de5db4a103.mp3,LKQ1111E
ab6a13e600776c97089ed18ed4ceccc88cf4e0cb.mp3,57C1MSXU
e925b652271b6d1cebe53429faa3e75c5553ca86.mp3,SBCUDNNT
c6b67be232120273baa930f33423e0e67daf7dde.mp3,2XJATBTT
35058d189c66a5fd95c5dbdfe4d4ec084e3a0540.mp3,6PQCP3Y8
51ddc2e6fcd55a04f7b1080845242b235e3d0c87.mp3,CVKN3F2I
464f7dbbc8f74723374d6b2d312dd566672ea7dd.mp3,CW1UJP1H
0dc6c3c03cead1c7e1b5069be51ff20ca73a401c.mp3,KB99BAFE
e08b8f7b13ea072605c687b10c1bce9a95ba8a87.mp3,3RCU1624
2e983123921087fa327d8c97a0442d4100c8dc0e.mp3,KBZGDMMI
b7ec9ba20f7cec2498ee6c64f04a8725b38687b9.mp3,FMGY7N8C
138f3f9d722a54906bcbdd99a3984cb9559fac50.mp3,S46MZJ7F
6c6ac5467b28db9aadcbf42a33795dbf27270394.mp3,YN51JQAI
5bebeeb06790b01c7e555a623e4f24563cabf68d.mp3,T427X905
b625fcde501b0a084a976e12ac6eaa38128d0822.mp3,HIUI5LE6
9402973635a4fbd3292e68535033a957ee84fe77.mp3,XED3Y4CN
cc0924da45d9b9a5f30f31ae65b41791393bbcdc.mp3,MEHO87M5
506cea5fefa28f71556f29c93a37f9ed2a6b1eab.mp3,X5O4KIPM
9db939c0bd8c4d63fd0c780a5d40d96cccb9f812.mp3,B4UPOOGZ
ec4801a686bc21bacc6fdb95354468a0e1ec34bb.mp3,QW6PK79E
b3cbf87709f9b4c4b990f6e8c121f06e12b8a561.mp3,R2EWVHS1
2215a66f6b8eef4a1411da0dbd4a0fd93fb3bb56.mp3,8EBC7MSC
c66419ad95c4f8dc13799dfc891a6eba1e58a378.mp3,3GTOCPQ8
14f9d48adf74fdd93aead3437736209949d45e30.mp3,3QER8JW5
78f06ad351a3ed5a47f90354cd62b71413b7fccd.mp3,D0CR4HY3
2c6a9bf2d21d72ebcfba50ddbd338e2872ca449a.mp3,8VLHX8K9
81dec74e48dbda1511a7cf71fc4574be8b1c6efa.mp3,FHR44LQ6
980d12f5f767cad73602de33150700ea3f47d17f.mp3,4EFYVJGV
dee2590fb8da498e5d51fee9211e96339a800515.mp3,HUKJLO3T
c2f8d9ed96f524f8b824d13447575227fd8ca50d.mp3,LUKIGG1Z
f5a405c8ddedc6f230d50e4451effe79ab02f5f0.mp3,IZI3KZ7D
2c1986468f581c1e321ac6e2ff098b999b7dad97.mp3,KZ1U18SY
2169c98f355b7a82f4e1b58944cb347fd280173c.mp3,8ZWUE7CI
7acbd937a4c0ac4e08bd1ec3e7ab4cbc7731e542.mp3,IP9HBW51
b9d407d6b58f44c3cad756a20b69eababd0894a5.mp3,K4N37H51
25dd1fc3308bafd0134d14e2e427d3eb42fff50c.mp3,1Y5JXT9B
4656cf3490baa43f38e3ed20e7c471987094cb07.mp3,5BW1X1N0
bf953dc49f716520101eb92f266e2169756b308d.mp3,ZPGRPQLQ
539460fd46418284a24282dede70f41f4afa175f.mp3,5IE40OBL
04403bb0bb70686b48d779047ec4b0425adc449b.mp3,L64VWX0H
e8378e63142456978e1cfec8366e42df700b5cfb.mp3,98JYHZFU
1375fb7681f276aabdd90a513aed11c54c48f16b.mp3,CTJ3CWTL
6806999dea700cbdf55f1fa8ccf9ac867f439a95.mp3,4USGZZWJ
367d05fb5dff715ceaa803f49253c2ecfb0dd7e7.mp3,BK3RJIJ0
a8028ccfd095ce0bcb11d09bc42cff6dbeeca1ae.mp3,258Z9F5Y
da80ef7d4f4bf9fe0dff10183c55633a9bade6ba.mp3,IFW2BOV3
81a96c15ed746306654ab8bddc96f58ba018d339.mp3,VLKTHXA6
401a177a5d1c9ec5a6da2da0feb6cadbcfffb0da.mp3,JIBWJE9J
505b5ff1359fae17d5f3be75fb3cac5fe5f179b2.mp3,JJUFU5TD
98dde0b43e5d3d7eddcf0812944e6848f3bf84e4.mp3,KCX5R4FE
09af9054cefcb7e111d7de05ea283cf93e090dcf.mp3,DGV548JC
b219fb71f0891adf1ec3f0eb2b8610debd4fbd48.mp3,D4GNR1RN
a2017aac0e5311a2016d27130d358ec2f2915301.mp3,IY0MNY48
137a8dc29d7b3c306ab077d394045f3347b66b76.mp3,K2PGGFTS
a501f1c3ef0b73fc0531dec349eb01188114d5df.mp3,0D1LRCFU
e7c26de94ad8f6c78566df80d5adf7a2fa509567.mp3,7FF8V1AE
0913ebe442cd4cb8d18057a39f4cbea999740a01.mp3,4VYRV0WV
3796ea9953ec48690ddc200f899a647260ac5ec0.mp3,7800SO2G
e48d040a0a958566c683733b07f42ef2bf969b8e.mp3,4IUEE1AN
b06185c8cc78c2b2c75f8b0ee21f3d4891384dc2.mp3,059GEK10
fc4c0606729e5378c0fef78c5ca4d3f156657266.mp3,966DCB20
b6c5b8eb2167099905eade8c18fe6fb2f7c9e3d2.mp3,R9C86TFG
82e450dc761a50b2498ab34de7f5e9661d06ec43.mp3,NJ776Q7N
0cf5fa69a60b133bdda1088ce4dcc9f7415f65c9.mp3,CDAN4QX4
8758dc28590279595ea1b2160835a61d90fedcf3.mp3,C55VA736
5ecccc9f14089a620ee59cf6e6e410faefde27fc.mp3,L4IYXZ8Y
86aed8ca8f2be91f790ad5bffde80182c3c396ce.mp3,WF2AFGX9
15938f3e6eab356f34d3dcafe8fd2f831116f0e5.mp3,YQJLM8GP
217bb36e2d22c2133ce40ac4ed57ed6ce33d75ee.mp3,TK11LIIW
226bf6822a69ee62febf37e3b673da9e4044c417.mp3,5N74IP38
e7539a535e1d80087f74fb4ea011681ac1f1b7c8.mp3,V1YTZQVM
0176402e7c144eba6a8347b7b8df16ffc2095fcd.mp3,6I2ODLVP
f3b28b4024d2f8f413440afef7b901cab3e1265c.mp3,3RQZKKOG
33a759df7ca3f217ac8afc1fd5b8969cab3b0a2f.mp3,3GECJ79Z
1bfbe27dd9b4c56ab2df0608c74c78c8bfea4fe2.mp3,GII824KS
3dd989ed74a318d3260ece3ded4641c6afe08269.mp3,S0SRKYZK
87b5e3fcabe247359e074cdecfd82b59be30e3a0.mp3,HYYIXJBM
70ea44ce91b4d9eb4774855045f95b2afa2e1193.mp3,N7ZZ7Q6M
a78feea29f4162b3c9be4e90ae548c3503c8580b.mp3,DJ0ZJ4K1
ca076850c7722c6cc3122a90cc6ba94282e8d812.mp3,ULTXBH3J
f4e3a09ba5ede86ea14027e17c53f843eb6e2867.mp3,TSO791GH
0fdd0d7fe2fce5b766790bcc53538f6f1f86dfd6.mp3,HHSVP9E2
455456f3fea9cf1edc08dfe0e0448c753ce01b49.mp3,LA5YLMGN
50d8a72bd861febc231ecf6bb11671332073aa9c.mp3,376ITOXZ
81df69993e1667dc4d9fd7482ff6b1f9817c7f6a.mp3,RHV3F1QN
daf8cb7816a4995653d0d19aa2021f4c9fc75255.mp3,CKIAJGRQ
dac9a642e95a65a3943f5f9540b8cc08b1590f93.mp3,8FFTQO4I
e93877524a1b7e880d2777916032089745932fe6.mp3,28DTTNZQ
785ec8dedb347891550f07a026500e1e6a833c0f.mp3,HYSAANPQ
3d1d1961ee28a9d0dc5bc65a0a8af6f70e9a3336.mp3,TR7HTRL0
9db37155ba463c55a31fe82876d8c53de0f8d77a.mp3,CRRZVV8V
83101baa23f584727b3239ce5297deae06546a6e.mp3,6PVKODL0
d6a3b147b65a8924fef5f9ddb2bedf7bd83d366d.mp3,67E9LSY9
c2b8dbad8536fc9b1d079d203d8566645ed9ec10.mp3,SIRL866W
05b650cc01486f8b08ee73432e29cb25b01f7d31.mp3,X92A8VZW
6a08d4f8202850d817df6fda60257e1a570fdbef.mp3,V8BCI5KF
0cdbe348b632929065aed59d9693bc4d30a59488.mp3,4L0X5KM9
bdd0ad310890e65877ddeab213c719e69f0b9f40.mp3,TLYM2Z31
6639024315db995d3f0f796c04e14e41fe25ab3f.mp3,ALI5XMDI
1d2a38997692503df4d0da94817b95f465a639e7.mp3,H6W2L5P5
ab9757ba7778c28384a4581c0e2ade7593d039ba.mp3,P6HFFWJG
086ac141e4666a54cd58992a19fc405d2312a4d7.mp3,EHZO2OGU
97bcdeceb10954a36fec5f59414b1cb9d5b5e804.mp3,Q7U4KB12
370be74c77beaf147a7e7cb4475c26160186eb13.mp3,YSL6AVEK
6e799d05a5f2c6bf707e1c496b505d536fcb0089.mp3,996OYZEY
f440796cadb9b1b541523b9b27a50b1f6a31f303.mp3,V0YFJJ35
c3bebe9e727ed76064a13d7a938a9ae4dcf67226.mp3,COFMH7Q9
ee8f9a67479fca88524a5c5416d0eb885110d249.mp3,G6IOLAF3
aff17096a42c15b1229418127e18eb7474de98f5.mp3,ZEHB9F0L
30765bf7b4a17bc87399ab944707e4c858fa0a0e.mp3,VOY1UP1W
b026db51d54f25c6bfb3a7611f6216c5bde7d518.mp3,88SJW9UM
0d3e0b4aea7bbd8be1be32aa2555b2598864205b.mp3,N5P18RBM
99fe95d65d9b60f83d6baff671247694e125c1f1.mp3,0U856U8C
a7a93906284efe83f8057af34019556f7a8e0086.mp3,VGESAR7G
8fd549818c46a509fdf512ab91662762d4ba1e47.mp3,CD83BCW4
b5276fbc5cee824e25ba9ea81c6c38d50f241998.mp3,0NQSFOQE
c551755fd857563c88281b28c20855e70e63fefc.mp3,LO9NL4GI
8f9bf21ebf5dd41296e6360d0cc4b5a526475544.mp3,81QGTJK2
2aa3e16cd3270501d6c8bb91b52c4f204dd42339.mp3,2VFER4OE
028324b8c2edba945f3072d30d1b30229b70aa75.mp3,YIX9X3U0
c3d1132969de9d40720eaeedde37732f08f80c40.mp3,T81EIOXJ
57de2908bc0fe84312064ecabc2aedd9cd187af8.mp3,VXBKCRJV
a6069a45312da3a1de7c3028769c0acb8d38e995.mp3,ZPL72O7U
d8ffc8bd87bff479b248168eaec8aff5a179898b.mp3,A3DK3WEK
18ff5fe127953c865f1f763f46c68e6e4d230b2f.mp3,XEUJ5AX1
d479095f74859098f6040f0fb8f9f173ae5db9a3.mp3,2PIUHYQA
ba7c7c2c7807f6fa61fbdeef27d24cf1a3d36b6b.mp3,ZHP63D0B
b78fa99074362758696be8f56e5c2fffddad46be.mp3,5ZVQMHVY
496c95c7e62aed1c0e17311d072eb28cae2de881.mp3,VWY5J3BZ
282145315472b3426fbd1787e01cceb42da12a54.mp3,GKSNC9CX
cb1dc2a00accc2d5aaf354cb7ce2cc8adebeb156.mp3,9YQ5S56P
5d3473d8cb7507f4c6c60937f2b7009bbdeed6e7.mp3,H026MBH9
99570e80fa6fcfc744bc21ccffbfc7f505025653.mp3,8A4DAXYQ
16b6ac126e1ab82511e781057e486c264cddee63.mp3,6U9VU7K8
d5013f0ee7eb0bc23363b55bd2c37ad6b748f58c.mp3,PGH44CHQ
430609e16e230c52da1731584244e8e812feb436.mp3,SG53I79K
0cc152b79bd14a909c9fbef97de8f22ca4c2aef7.mp3,LO0Z0MM0
252879e0d3c71301fa55d6fde4007efa2de79343.mp3,5TBFFUQM
9204d52b041010014cc3b9143fbd2bf89b5ef09a.mp3,JUVBB5QW
6dceb08f05ab820b1fb863ae27dca2adbfe82c9a.mp3,T70B9SUC
a6be41ba88d674945a4f29f716d2986aa746c31d.mp3,SVIZIPJY
aba04ab87bfa0ffe386ae43cc6a547fd1435b6be.mp3,NTSHD6CY
8f88c5d027c0390c4c7e14c70e79011d548a0631.mp3,DYKBZZZJ
b716c097b30d03800bd1f89aec5f189ad0e1809c.mp3,UC7W4216
6997aaf3292ef9cf3544dac6e556e0300d943e1f.mp3,MIP0URXB
fd6cbba99bca75558fda6305ea05b5df3fcdf108.mp3,MALIDCOY
aa6b84d5ffc3e4722c2e11e6df58db70956537f2.mp3,I3EKF2AS
561b52ac3d2232f8878824f921c70c68bf378d9e.mp3,4UQL8ZWW
4b3c8a6f208438f6f398efe65236c4537141c6ee.mp3,FB0MJOGS
4ec9ba84983914fe6068017982373538c0a5b31b.mp3,V1K9YVH2
649e6260b0f052ea048a8d2df00dcd95fab035d5.mp3,FJ6FOL5N
ca0fa4fd88377662927fd43129ea1fb2a477dd25.mp3,BHZOR3XG
04e8ef35b59093b053850316e43f5a0208af008b.mp3,1SV7NO5Q
082101d8021e197b4063a52694e17ca8d512e4f3.mp3,YJ4EQWIV
02feb760adfb9a2492bffc3171d910bff08ecbd4.mp3,7ADWK9SZ
418e9d2f084668ddee600596c65e058eb01c37a4.mp3,2Q677U3B
07f48b12d49dfe8c34233b6d2452fef5161f9954.mp3,3MB8IDLD
0d2b717f35e18b0734dfdbae02c0363d844c452e.mp3,S7BPMJLX
136c58b3b5695f6c92dc6227d86cfee52ecfab49.mp3,82ZE3W6K
9920a6ea824e8800c3b7f483ce34b1a2fdecd02a.mp3,09C7O7AH
5ad2cadc61795943892c323bc3d9c3656c640c15.mp3,MD2443D0
ca447d81b22ac467ccf2a4d9e40a4c1eaa1c432c.mp3,KABINCJ2
6cd036bfbd841fcb1a781c4e636daf2da67d5d25.mp3,11CNN8CX
06581299af6a8326f6cca5d8173b0ed841dc022e.mp3,0SKUVT3F
3cc119460f8e7e517d7e6b348361745b284fa082.mp3,O3ZAFFVU
58305a56fa16c02598601b3f94b244ad755614b6.mp3,E71XSS40
46888c723e7a221d619af458e80c962621b19166.mp3,RFOPJRZL
5274e675bbcc7679e416bcf360214aad8a61aadc.mp3,HMFVMV06
acdddac73df6c2978df569514e9db16e178512af.mp3,OOQCL2VF
c2aa9b2de2361aa8a2bcb4e0e8e401c6c00a98ed.mp3,Z4NZOO28
1c42e8281147aed54e207948f8a1dec503250ade.mp3,INY34NCB
12a0e52921991235056141ed22e1f74a80a48966.mp3,LHD18FJF
85d0b5cbde7ead394aa7f99dc539e8fcbc29d923.mp3,A8MPSGBG
c9ef01e952a79347cb0f718fc6de685b0651cd50.mp3,BRVZT5AP
9a0da6071fcc5f5d1c6fd37db00aae2009b9a3d9.mp3,MMRP6FX1
68b4eb19eddce5d5e8d7e9c878c20d6ebec5f0b9.mp3,UX8CEBGF
94b4d7da7e4df6ff3c5b8d66676590dd4c1386d1.mp3,4CD10K70
08224c286a46326f4690df92a91ca3528342d83d.mp3,SBKECL88
588d2c16d5cc67afdfb1636f5c5f9cef548e5979.mp3,2Y75FIT8
4065573e9904b749e52bff77dd61662065704e00.mp3,BHFQOGZN
8a0a7ed9d9885f7687ddc6fca51063afb3cdc725.mp3,H9TWJFUP
9ace5a1942c48fc2fe6e48192e9db27a7b23c73c.mp3,AYZXEQVX
54eb90a8b47e328b12c2cff68f4db7d2992bbea8.mp3,1T11HY80
a389afa501aa4195ba5f00f3eb624c9d9cd7b08c.mp3,4PPRNPSI
9383ac0ea7c51f42f0e87928bd19bb8f57e3ed46.mp3,J7GS7HGK
aa30b4260a99e84ac04d1e85851369b3d78b4f54.mp3,HN4U6OSN
2da53e7ca8dd5486df33fadfdf41c5c8cb094ad6.mp3,C0VR0O38
c9245edee8bb7c85fc138e70823252ef64e25f76.mp3,4LMSMNZ4
95d6cc9b54c4a6cd55f91e85b6fb06b641ac6731.mp3,I0UB4NC6
b01438f39c4d96ff78af1bf1274d926677e9c27d.mp3,3U87MYXC
270e970662fea1914b8d77a14330501ddc2dce1c.mp3,RIUZ8E5G
fa757eb7a54e95987f2b1389cb915102f57b10fa.mp3,IF90H7CT
d4bdac29e22ef7a055202eb1e3c4f29921969708.mp3,J5HLBZDI
24816f41ce0197db62877ad88ddfaeef52496985.mp3,90YUO1H9
107531e1d886ac075cc82b40bc177940c82a7c6d.mp3,HBNNR6MB
5627d26c1f5706a059e4e1db2086f41759b40fd1.mp3,14YP7VZ3
3fcabf049d9b5aa5a74f8f6ccc805567bdd970f3.mp3,E2A4XA1I
59c73883b7263c1c13e8a602d5783823b251cb3a.mp3,ISRVVVIK
9b2ae904212ee02cba9ae0af44333767fb9455e8.mp3,TQCJUQEF
ae494644bbbf7a82741d7ae45694bbd5a0bc9cc1.mp3,UHE3G5UI
5de6031b169f4bc8f3f2824f6df4c71a8a9f81ca.mp3,N81OA337
2f0d700e29dad7e84181354f1fe4f40169ebbf83.mp3,05SXORO3
ebba1556e9ca8740317602b825056eb25574fe79.mp3,1P5DJK1A
1672d64c34a5ecac6fa07d52ce622a4831819a38.mp3,1U5PNNP1
2ea60e2028e06c4a6533da634a4450f74c79b3d8.mp3,J9FZSKPP
2d9b5e29f086cd5d8dbc2857799a683268859003.mp3,2E7BBHRL
42c186ca67a9c1f0e0324807b3b52cea1ec973b3.mp3,USM37B4V
bae5bb0d9e5b21a3ad8171b484354a707e8eef1a.mp3,RFPCT4AT
6de04cbc9579eab7d865afe8cf4d2fce238d543d.mp3,55QZ4FMP
9459d0773214e3e9e5037533f85ed9e63aaa8e49.mp3,96LWJHE3
5c2adfef6c47133db4364652758a4121a0d3303b.mp3,0RYLLRPH
371c89a68b15008f2c86cb409e7bac7186393af2.mp3,3PCR9U6S
c249613e4261de45c62d63bd3c47cebd271be0e0.mp3,V7R52Q74
97c4ee6440a7aa43cf47fdcb5525a3a87559ebd7.mp3,WNUI6YRV
91c0334212cc295979c91b64382cb0a8f1736e9d.mp3,GKQMIDWC
08a9448e690597fb80bb54c73e73692f922bd2f6.mp3,MTJH4DIF
1909751217d82b24c121978871b7cddbf6663733.mp3,JABUFNFN
e77da632388ddcd3e610c9ca0028b3f6807380c4.mp3,J4PHRM72
49b2c9b5993767d7a1c047f11defe71c37e1382a.mp3,RW724HIZ
5279c244b46b236e031b354db3e2f1dbf007cdd0.mp3,MAZRZORS
dd8c2bbbc0892877cac60cd406cab9d2b62bdc26.mp3,GB49DAND
a09a53b6ab39a179ffe9f3a53e2a1018e3c8dd19.mp3,FZE8XPLZ
3147d25aa8dcb6079a7b8f735857fd670fb39b49.mp3,LDFFFU6K
309e612092279b3742c6456a058768bb17d512c8.mp3,UDURTNBK
9eb24595ac228588b876a776dc6445fafedf2fdf.mp3,2LUMQP6X
c5634aa77b7fd6eb6df3912c00afcf92cab8c804.mp3,EMKEO87C
7d438e7b98a55ba2946fc4d4ff48169f1275f8a3.mp3,CDLWOSC9
788ca956e9a2220f122958bb4af44b8aa2fbbd14.mp3,9UYETFGE
fad886d6f605441162651be67e563cacb49a9cc1.mp3,7WAR4UUT
26fecefd88d6fa6f579243f574c72a0ce70c57f2.mp3,H7K1D1EP
2a783c876ede9ad2ca92de23853ff3bcfacd954a.mp3,U93I8662
6624b969be1784cebf883d166e9bb89ae4351923.mp3,PWTMW486
92f0eb9a518700d91f8573bb7a790f43f9787a1f.mp3,824C39IV
83661524bb0dbb4c1b214456e8c6683380c5e427.mp3,JO189912
a84533ee2d16d6cd06bf2a155e6ff3c45ad28ef7.mp3,SAIV6BK4
386e262f21dd25e0b79daa9acafd99e4bfdeb176.mp3,TEC7DMYY
268d6fcbf28cb08418ca19de9c31099c0ce2b680.mp3,Q3DSICO5
26066e6cfdbf5e68b7382a6ce2c7dcf65c10ae5f.mp3,NF43019P
34d3e5ebb5a6c284e5c7543d937a27f0e3472170.mp3,MNFTGQEN
b26442824c31e4beec0cade173e1434083c300cd.mp3,MZ1JNNKZ
9c477f3b53117946bc9c8f7b03f40c4afb3e6f6c.mp3,ITQP5V3L
4dd0de111510a379b28c8915e1c0f5a73d3b3b3b.mp3,281OODDP
ba273760a99bda7cca93f2c261ed1879b58cd6c4.mp3,J1IVBNIN
88a9b721e2e0db0ce330dde75169e60c215f7e21.mp3,TJ01FDCC
8125dfc979e485649da7b6149e7b9a0e087e5bfb.mp3,K7W9U4AJ
78e55cf904731795cdda3a8fe3c0256f73d16713.mp3,M984EAV3
50c1d44c448af0b1186a8d86a5ffc59a715c405c.mp3,RSUHB90B
686946e1a08ca9c9ee365dc96f32f622754ce967.mp3,MRE2ZVUL
40f2ca645cc69b009dab2074e1b4d1d9c80193de.mp3,NM9JH9L5
230cd9a923f68da27b2c5b87e13b4006c0692d33.mp3,JEABGYYF
cc00985d29d833e5a0ad59500074925632dcfc82.mp3,8Y5JEPKV
d38e3c85d0a9db9677fe08c5b94ffc2497ce0d14.mp3,AQSUTN9U
46b6fe1aec21994631f12b45fd40db9950a2cca3.mp3,I9RXYZAR
58c49fcaadf19f9aa9bdd6c618e8e3a58662c84c.mp3,C4DJUGD7
4631b41c39634f33b00d3222040c4cfeceeceb13.mp3,RQTWAM73
c7bcfc01fdaf478001be10821ea75e01b716b307.mp3,T5NPFTB5
1142619646f6e9377528ec2625162a482ce1ed20.mp3,BDAUBLT7
31eec246940ed0112d052a0915cc31c84d6da6a2.mp3,CIKG7MFS
95286d5a4b1ab7a0a862e91c8f33b25aa13beeed.mp3,C94QV43E
54c49c2e796cebf72058333fa4fb62ecce648409.mp3,AADWBJTF
ac5a80519613ebd825a0f0f2a548e4ff8f54b72e.mp3,87RKMVKT
14b3b0dec9847b5c1c9cd8f8418e9866405a1963.mp3,W8BDYRVA
be82069d22458ac484090c1a887c30e2ae6ee88f.mp3,ZA8BD899
7ccd305f6c1ff4041d885b0b77bb26e2e9b414aa.mp3,S7EAJKZE
790d1d6742f84af60b702a4db12434887165d34c.mp3,JVNAVQ76
e14b683ba11a59ab6550a9391c6f28e33be498a7.mp3,K1H6HHUD
5382d63a0cefbdaf5c1c2fdb094b9cd12ec6b611.mp3,YX8GCTR0
0491ddc671653e86b6ea21b78238e403165e067b.mp3,L0P2FKEH
b82aed82b300560503fee9b879c5a48841670522.mp3,BXX5WCTY
fead8aec0f8c1d36ee627b501912147a378f11af.mp3,J8SAAQ5R
4293be05c36228af2180243083675b483b2d85f7.mp3,UQMCIWOA
35956c222bd432e963dd0bea1660ef5613160b7a.mp3,7V06CTD2
485e70afae8a73e7afcf15e1c3cffc183456ac18.mp3,L4B1FHFH
24101f72302dcfb172f0ba9a013c4260759baea5.mp3,9ZDNG04X
ca83644dfe9d75ca622a2210734da46349d3a579.mp3,MPE5V47G
3d954a433dec294967fb68761e44947bf5ddbeee.mp3,8S1HVSK1
fe27168d4922de03b023e574c4e9d2bdd456bec2.mp3,ZS4ETQS0
994ce4ed0da9b1bd8534c37665a9877896b1189f.mp3,7W7OXT19
7c36608e825d8a9b951282617e75a83428d2e203.mp3,VQYKILRU
a0abec5045fdf2fc23e2620066840c4474d6384b.mp3,H1BOP2NY
e48264ea7c787fc7c07eea495130017c9822ed0b.mp3,SDIC9ERT
fe1c57e811d63a4030554a23014d50b2f8f9cd6d.mp3,6OZIWVB4
f4e6db4564484efdd1f9c6de1fb6c5e1182e7882.mp3,196SU6TB
89e166f1049a1c9d87f5370948dcb001444e5e01.mp3,2B11MXLS
abc39b6a90712ab8267837770a1d564928b38943.mp3,UNJPN9HF
504a3857b48e66d9f18fbbed0ec152617776be79.mp3,0H837XLN
3658696118368981d77002f09164be15b884cc90.mp3,ASQ6CEVA
f64095ae63b18085b438e8c7a29e8da3fe57ec7c.mp3,BY6TVB3J
ea4a200ac0cae04c9a825ba730eb23e9f9440b66.mp3,RTF3M2ZG
ee2e0ab37af5c740ca35f1071532df0f639edefd.mp3,B4P4THGQ
c04b01ddfbde447d2aa94350507c87da049cd092.mp3,RYI29HXR
c5b794536237b30135da4f0bef72b65cb3953889.mp3,R7GGGR10
3171e197dcab46adca74647f6f24af7674b9b9ce.mp3,03E4KJ4K
34f0a7ac2bc2fb95924da4b4808a70fbf8bda8d4.mp3,N37AUGMF
a74a64e36b83055250a729f8edc25dbaea359bf9.mp3,P241FWAY
510d5168eaebeefb9724708f92b1565ab5efb121.mp3,R0IIGZV8
fc11694b0df13c225c2e20a596fab5212cb54c07.mp3,UHR4ATE8
711230cfb607867afe54a8fc41c730441a99b819.mp3,6D5F7SXD
ea413902fe12fd1a56794ae2e3a90a30e5464536.mp3,B20EPZKM
2822ff692eae7f4dfe7ab8f032e28878fdb75d07.mp3,NB5DMMYH
9f70d080250ebb3ed649c5f42d367de820c0e37a.mp3,GOYV5JBY
3ed9e15e0397ff89e278f9c4693563ae551e892c.mp3,SCVPLZ9L
ede6f87948f4ded9ad26eb67e79f90acd4314380.mp3,1QS34W2S
84c4bc4a50b55130dcd9cb89bd6935b8b8948652.mp3,YF411886
5bc5f68269b5558ba858694740a39fac1c1c7243.mp3,GE3WH417
89538ad4ed4d3bc783220941be6eaf0f5155d2f3.mp3,YCKA9B58
b84c561d75304b21f8d5664250129d52a6f7a4c7.mp3,ZQZE89B0
ef08bfac2f3fba5451f02393c7d72ac56b8ee1db.mp3,JJADU4MK
a0e85a1d316e9505460903f45e1ea21e0b9c9693.mp3,A53IUGGB
2ce946eb43235f33311ea0cd37e95985eedf1d83.mp3,EJLWLAQ2
d55ade419b21cda658a538ab06eaf10f9cfcaef6.mp3,9TXFLDQD
ddfc0043cec324081ccb366c4202da63f9f93892.mp3,HUYXZPL0
9b28715a52ffe338029397ba50f0f668224a7825.mp3,5UP8Z7CG
6d501b65574d135b55ec3c83d96bf23b71392b45.mp3,8WGZ4TY6
e5ab8855cc0e41cce76d1309e4d76180cc61f27f.mp3,9DNOF5ZY
a3c3c6bef475f263decbea49558fb15cdcc4eeaa.mp3,2GUTYAF9
c3a564a2c64649b81682a85403ea967c0bb1d8bd.mp3,ZX9XPL7S
27cae2bcf5a0bd7144d5a43da4c1ebcafd3a6858.mp3,3QBKI9MZ
e7d306a5d701e356674742f6f60203680be4a7c0.mp3,PVQXYZWV
d6b65050b5778c318cd1625dd90d88e053e2ee5f.mp3,T21XP98U
77a82e4531fdf4ba16b12ebe3a59e6cea381f1ed.mp3,HBS4F6MZ
e6644707f9dd011ef0d9e67ed191e9728836da7f.mp3,NPQV0T55
857bff91f12e58d00e402eefe56f0a382c3d9253.mp3,KAPJ36AU
d629e8353edb2087324c8ab7f79bc543b794fcb8.mp3,63Z5CUKG
2dd122d238bf0e1d3169fefe1b2e2d5d77914d75.mp3,RNU4KS75
e4159f0ac8806bbedc5623679ec602bda59f7afa.mp3,E688Z6BK
d23ec2ea0575f46393d907f0caa07747f0c7cbce.mp3,9P82MA4E
2082a888dc5d65947f43df58c188552b9ba6acf1.mp3,M09N14Z6
529d85549083bff5401f42c1128138817e5ec71d.mp3,XQLQPS9V
09dcafc31876d378113c9f0cb48d39238f6f7b51.mp3,NK4L9STV
6eb31902d01766638e757bbc3295e0c6cf8dae0a.mp3,DALHY8GU
38f888c8afa961d1cd981afa29fe5cf9005f3c99.mp3,YWDU8W52
e3d1fc8c15ef170fc0c078c8fde64959cae493b1.mp3,ATRUP2FP
a399f63a2859d6a5de629f2bcb9a93f8573ed13e.mp3,PGURUBS9
2be8f63c49f0f10066db7bd49850313c064a6e4a.mp3,QHMVUSZY
2f4fa0729561b2f93fd294a378482402433677c3.mp3,IV09OK0U
9ffd971f3dcf78e0b26276366246254664315384.mp3,L3M82WLL
2e73079c2075b09770f8bc498c6884f21ba8a89c.mp3,GA0E72OB
17a65198f799949135dc90a4c3197a4c127d0978.mp3,RYUI18RT
280b73bce0a92e6fa713f7dcc9728bf0c69a0956.mp3,JD3TMO10
c1adcdee1eadc113a0a66f4d8410d753c3625fbf.mp3,GPV0XUL3
b7c849834d5cd59822764209b3028a72500dadcc.mp3,GJWOZXGA
0244af374e8a7f1d3adcc82d56dce1365182c386.mp3,GWDZUPHX
f338c45c49df2fbe108a9cfb14b2d41a9fe67b1e.mp3,GE1I8NVH
f4e310a8589c463ed3eb94f87ca54d5782085d08.mp3,HO0O12EE
adb0f32d43cec05bc9ce1ec917225f7014818adc.mp3,RE1DSY7Y
80b0bc0e49d5fa3549010b3ad9c6be92c996d3c2.mp3,68D1V9XM
46eb3b3dbe27e7513fc5266d78f7390f2eb79138.mp3,2A5JYFA3
d34ef50bf6293c1e24ea2cdf484898947c8ef97b.mp3,JFU10FJL
3710830e2992e43d20ae8694a27ec0c737c75674.mp3,NDMRJ8Y1
43144a910c27425c0a64373b25976ff13f25d4c5.mp3,1F9L1BUY
042b6534fda593b9dac3d88797bc901cbf25318d.mp3,ZKK1OR8P
381cbfa493e26a0ffee4fc38a6c91beeedb76082.mp3,GC6VKM4X
ea3f90ef71a48b5fb22858ccee383c30e623633e.mp3,YIY8L0ZX
8110943cefbb37ae869f6da739476917759f7e8f.mp3,TFMWTMF0
c3bac5d91cb06bbb8b6df6e18fdbb2ac6d42d628.mp3,XMV4G0G2
6095523d4c116868325ff5d214edececfb40b59f.mp3,B9RR3MOB
ab2e8cf925cbeed65fdef68b7a0ab2877b17f0ca.mp3,Z1JZ6OVC
fc9071fe1b09651bd761de15ed88663b51c500b1.mp3,LCTIZD73
f20636b500aedc39b1f708285dba5aff7cc5dfba.mp3,ZFD6W10O
76251520f54e74503b9c5fa7cd6f0baee62b4952.mp3,U2VKGIV8
38f5243820a618c2764d97431d09ddf8306409e4.mp3,BXO9W4Z5
59c776bd14b267fc35496cc9fd50b6a2ec897df0.mp3,VF4VDUZ3
c030a16fd97d09d248cb665ea86ddbc644c88e48.mp3,KUYZ7A6P
049b634c7cf163a67cb5e4e07f16048e59e516c7.mp3,CS9J2ZQG
1e07a3b676b3ff3934c706c7f43c0faaf559b543.mp3,GEQYSGCL
120a81d7874b9f07d71c269864ee5385db8c4b2c.mp3,HPFU1Y2X
2463c3198240b0eaee112667db9505839ab17c59.mp3,P83TYZG1
5f0a70b04140726acf1d836c281e9e9026536485.mp3,H9ZOGF7G
3f77244789ace10818d14a8a5e72a91759514bc4.mp3,KK3AZZWZ
d9288089518dd4a28a0dd46453b0e9338aa62bc3.mp3,R8R3C020
1260804c93537be2a8478699f9ab215793beb054.mp3,84RFVBXW
5eb59dd0aabd20ca4e0187cad5026c6a19dc805c.mp3,9KLO9Q17
629083229f2a133f49bed1f7474e7c9f1dcd993f.mp3,FQA80NGA
c9d809bbcca05aa8e382d4e24b1588875e314a86.mp3,8MKH4Z4D
a04706076e0e950fb4a6358acf35aa379da65272.mp3,6WXAARCS
ef719bc1ef43ae8d11d8748f08218f075c58b58c.mp3,ZQ1Y6IT7
c2be79e6549b6f42082732540bd73380b71121d2.mp3,H8VDL91G
004e756298615faa4acaaa38fdae8a0a38c1eb97.mp3,YWZYY9SX
2b938a332c3a19dd01150022c06fadef3d5ef2de.mp3,NBLAA6VF
34e887f3002251c6b0bec20fa867585917e3bb34.mp3,RYXQLLVD
e9f64c1d920f08a35ec25a709af42bd90dbe2e90.mp3,SV9VAE4R
0c67758068cc4789ef00bfa25a01297de0a0704d.mp3,H3KU450P
2eded530258e9b52999fc476fffa06182d49c2c8.mp3,HDV6NY5T
b7c4f0bd789ac8f21d882e97a84f14382fca43dd.mp3,Z6NM3BJ0
ddf8bb216e0e27bf3a778fe59c026cd29dbb1ba5.mp3,HGN61P9H
f14c9f152f059d13503bbbf23a3127194e37f727.mp3,4NQ2LB57
1e7362aa75dcfccb94c95817f5ae13c00b5f700d.mp3,6LJI6OW0
e8917940216c1dfe6d72e5377feaabbe61ab5401.mp3,I0CCM1CD
866a526ad9023aa8c17de2485bdbdd9b9feb5153.mp3,2OV1877E
19f3328cef95799b877eba04f9c15276eb439bb5.mp3,2D2EKGEM
91cd73f24f8072ad688e648154f0dd56c1c6853f.mp3,FEYJVG3B
4b329d4cb895f23e18b82765e7abd0d7d0259a1a.mp3,B4FNPZMK
bb783146462b7d112ea8a2b1a7a02be6495f5fb1.mp3,F9GZFMXB
9547c7703dad6a534fa5a5d51f82a54a19d18874.mp3,3844IK22
c0af5f6d0a1162e0c2f357dec1419f871624a28b.mp3,2VAT4ZY7
65ceda398bcf80f09485697640f68d379ce98381.mp3,4IRG635S
257d715e20ad9014b4119d9172059408b4beeea6.mp3,NAG2WA1O
854f6ddaa1a6a67d90d8cc07cb8f3ec880940389.mp3,DH28T5U7
07e894849d061ad8efe5ae74f074af2adc1815de.mp3,J76E9421
bcd9903db3ad0775ed0f155eca32af94428bd686.mp3,GN4JVY83
282f0592575dc684966159fdec12de5ddb5f991d.mp3,TKPI42KK
155edf47ebef3053a89b56c60786e602f57619bb.mp3,UNRO6JEZ
47b0d5997716f5f7de3134c521b718404c440c4b.mp3,ELVKC448
2dcfd5d1bb902d6f6641b493f2531c22c93c2c5d.mp3,0TLYHA31
48ae3b3f40b94f8ccebbfa48ec8c252b4c05772b.mp3,260BOOVC
d6623ffcc337e62f7a0b8c456f40e0310a32bb57.mp3,SSIG5EEW
aaead7cd957fb64584f948b5100b779e8cbd0c53.mp3,SJT81EUB
291bfbc4f6b83a65c311ccf13c1259284556472f.mp3,HK9YNNYG
467e2c9c353bc146cdb51af2b39524493f0ac88d.mp3,UAGQGHGC
be290bda6e880a04da15780dbfa200a1fbe24141.mp3,WDEFFO1A
aea42307e3730d8a2a253bf7f5d779003d335c30.mp3,L5QEEFIP
b4abfc0a4a74933c10c60c12731241c7375a1a3a.mp3,5Z3IZT4Q
7eef52e575a992798c324d87359f38a10dfbd96a.mp3,AA7W49RS
b7626577080ea80811fa77cf8a34562498b6f313.mp3,YT1RSYWA
999ce38c517c89b57f2fa246de9781f883a14045.mp3,SVQGFSNO
a2c533a3775b8e5bcc3c8e037f390da5e3babb45.mp3,I9LNDXUN
0c819634c650f958b090325487e6993ab96afb82.mp3,F68K4P1E
5904190c5404cb906e34a2b8cb872074da1c4af0.mp3,5DGN0VZG
92b332609c509350798c6b44dbcae2f2f8b372a9.mp3,1W0ZDKVX
bd7a649f7b4863746551f4cbae49608acb3414ff.mp3,0U8C5XQ9
ebb7b26d0035e0ec0d173d84cdbf243bc9f3aaa1.mp3,GHQ1Z987
7e149504d83a80878d1d0fc24a88626c7b7f03f8.mp3,TTLF24DS
ac2ab62764cd74304e2d54a42695fbd4162acd1f.mp3,8T799TLN
70717a347fa80d6cf02c8c43323069457575e880.mp3,J2MBKPBQ
4424acd41a568e16d396c2cadb9bf79fde57c48f.mp3,JYHNBJNI
6603339598745e933e0e023d36ff511601591c16.mp3,CJY9J1CX
91847ff4d4cc1cae14a2f0604838690883c24707.mp3,69DFHS5V
71d6ed1640c39a48f4402696a99a6772718ed458.mp3,UKD3IIIY
b881ff16ee5217bf6cf9f9b2e473e5ac6b3febb4.mp3,9RP9EXLY
e3b65eb8efb0818d1f470088015de5fa36503d58.mp3,YMOJYPY6
4b989ee4dbbbe4ea2ac1cf85352642f5acd31862.mp3,AV952TEH
49254535c2556b0ce74289c72e63ea8ec6cbdefc.mp3,L11GBCSN
c34634e2912738573bf35bd36654677e1f4c7bc8.mp3,CV4111ZP
4a4d2ed4775cb2eb639aa3f19548f0526798cb47.mp3,40QOBBV2
1b21402fab23187d467254ac768e49aa7c326130.mp3,S8YENFUA
4f3a9e53dd8776f156a0c6aafc160efc20d9d729.mp3,ZZTEQZB5
128e45c71a28705582c8975c9b7a1365540e429f.mp3,0T8ISQEV
c409b432f477070c8ed22e63604c0ce788cdb27e.mp3,E685NIJQ
2f896a9b07681901ee983c49ec4f36e01c78d97e.mp3,BEED1FV1
f0201ecf17fccc0c5c8388701c85cdb57f8d0290.mp3,3O3OH86P
4b1e71a5661db3e2fea204b73f0ddbdd47d0b047.mp3,VI70DHR9
967fabbc1a5b3b8bafdc4eafdb9e20f968f119b1.mp3,JN8PNRJT
6df8dea709aa17b3943a43ec226a683280a039b9.mp3,8U05CRF2
82ed0d06c95a78b6479ff4829589e3b21391f2cf.mp3,C36UUKPH
b2f1467c2d6675523e9c12b76948ab9be54c0139.mp3,XBN9T2UM
3aedcc40433952c134d4f6eb131e57ca1eceb9aa.mp3,WLNWQUCZ
12bc6e44e4219ef3df2aaec99c8230598c1e486a.mp3,4ML34IXV
477ea10ba1e17a1ffedcfc5b9024ff0c263500f9.mp3,B6YYQYFS
082846b2b230ff2b43d7aea8bf3d7e299540bdbd.mp3,3QLVS2P6
204f0735f715cfbaed77db921a628461df2572c2.mp3,BNERG2ZE
050bb1fe45c179c784f95382497fa89aa52f037b.mp3,W3QKVW41
61d7a12327965e628898c0e8bd53576d8171631e.mp3,E5AQALK5
b876a0e15d6d08ef745fd86f7b1f445cc5e96e07.mp3,80JD0DLR
47d79a8c3a2e4fbd524f50b6061eccd8e35a3f18.mp3,6CQSNZI3
eec4e089182ad476a656e4a330ded3869d2d82a8.mp3,9L90R1K2
9e573efc3277cb34f78998c50be045fcad11042a.mp3,UVPXXEVY
91a2e0ff1818857de9bf53c248a720474da85062.mp3,7VZV52TM
f04514027cb52fe4ade774fc4985d83f28923951.mp3,GMJ619Q1
f21d2b69e625d21d2225e7fd0df62c0970be89bd.mp3,PJ5L0SFG
743478472dd86372bd41455cbdc90c2798120d97.mp3,R5CKLL0F
64fe553b743251e248b5863370627bca962f673f.mp3,YSE4CKR8
60517edb769989e57f84b301df01bfcaf6d72540.mp3,U79929VO
15498e0530e247a0d61ba89791f43ca21cb54226.mp3,19XOIVQ0
97121a3d89f3dd06ffdeb2e2fcb4bcb85daccfd0.mp3,Q0RI2L2T
586ae7a11159cbf1ff454ba6bc89604311f7eb41.mp3,WC1UQIBF
4e43c816d32f1cf08bd10c299ffc74da02e6253b.mp3,RMEIYSJS
577e5cbff78ecd3156bab745846feed62a849e1f.mp3,7Q1HFCIN
5343423bd3ad627b6ef93afd3da8a83375889f94.mp3,QY0SB1O8
5a8720923a9873791c951ad9bc1f2aa5a8ae68cd.mp3,KDLPLTHY
09b2855d893ddb7f04ffee660b5746ae560a4ffd.mp3,DLKKB4DY
950ff81f8dceb78cf42a7a4c50aec77a3606a3c0.mp3,YCWWCJ30
338d8f43fb6019883d436c19f33b423dd4658d4a.mp3,FRJRSGLA
3417a79e1ff9063cb477c665576f8565f7649c7e.mp3,HTHBIJ4Y
3fde75ad3796c8b02174217af9eed783635d363d.mp3,AMA48T4Z
3652f915823a10fd13bf1684384ed12fe3d4fa52.mp3,IKM6A85Q
0690ccf307b16025bbcfdb9db757f424d5eef8fa.mp3,C30MJHUA
f9ea5692e28c67c48213e309309945698bbbb70a.mp3,57TQGX64
a10159ff875c8a56367973213e039deaece7ee17.mp3,4E2O5V7X
8b8c336027d478f85607ca2bdfb3c6cc2cb28733.mp3,WX5QE3BS
1e91d198850ffdec3c5903dfec7042155e9791a7.mp3,JNDMXZCY
a13713252f672d1f12582905bd0fe00b9d87d61f.mp3,5DV1MPP1
06d7145436b91d32fdfa8355c831e7f4679cee54.mp3,A4EM3REK
0a9f7d52e59e946ce84858bdad463f2943ae20e4.mp3,SBXBRK1P
3e17742e039eb94f5055563ac8435eeb2bb5f9e8.mp3,J3VN087W
cf30127255402218abe71bfa5bdf5b6fc53ab630.mp3,IBFFDCEG
24081987722d76217d38b9fe5eebb8bf8bbae8f8.mp3,SR1E1IXM
ae2b97f3b39d2d83e1f78baf96fef525cbb17721.mp3,LJLRN44K
26031ca574dc06cf334743764ff34cc361d2f5f5.mp3,T14SLG3I
651d6f08f9333e538f827b0f08c39cea47fc4cf2.mp3,72OLIX0Z
09aefe1539d1d7a92d417ee26a777d4d2c15219c.mp3,UWMFW90Z
cf31c8d92d3e00fdd1d397827556f5e3b6ef2eaa.mp3,TMU5GXGV
4b1439ed0309774ea3940503bcca626946545105.mp3,HHGVPHZC
4262c331833b3097888bb8a5a40288910911f8bc.mp3,ZQHGQ533
08053dcd77224b947598853d17ae5951b5cf87aa.mp3,4OJYGTFT
2028c7afb7df2c38b08d063d05272d95b4c01f25.mp3,0NOL2MME
2ab0f65d99f750272513cac729011b94d9952555.mp3,11VUAH31
86c5826847b21b26d076af5ac27dcadd30a72f74.mp3,9FVTBNPE
f6a1b34c908a914f990976acdd80afbf558c050d.mp3,0H2HT13T
c96ee50e59867938fc5b0429e1691e6bd7220d28.mp3,48BAESVQ
979e4165e34fdf4712ac999fbc35de10d95121c0.mp3,B1816DI0
64efcca4e66bfdb0b992a7d8d81b0141c36c81f3.mp3,DS7JYGDB
b222c5b363063e4ead3b0263483ea9d51dbe1451.mp3,Y63S6YLD
f6bf945cdb1efb3a050a0334b8323ed1b112338d.mp3,UCP21O8S
93f592e0159fd7c21ba606224a481ec2c6979698.mp3,NS7BQ2JJ
52a2e164a00855a849483f2da75456f6801ccc19.mp3,0VS7P18H
b60147acd6efdd79b0b6cdac6e888f58d02b38be.mp3,V278SX1F
46def83276085629fc21026f5f99d234192e92f1.mp3,4GEYGR7Q
d8a0b574969d79eaf579f36a1e1c83e646a28946.mp3,8YEMHDDG
415059844deafccf4d861fdca75f16db1253ea24.mp3,PQ4YZG1D
29a8677426c94322848061da04461f5d7ac6c4b5.mp3,23JLCUKS
39ada9e6a53e2253de633b693cd41483ebc7886d.mp3,1QR3FP0F
ecc458eb3b17b8627eecd8c0696bda38709d400c.mp3,CF83U6GM
c1033dd375b2a72e38999da1b74ab2fbb2d5fdd5.mp3,ABHRTNKZ
f4da215b35dc6fac118e2963cf589772d4c6acb3.mp3,NZG5JU8P
fd313cf90cc5f2ff581541b0c5d289c4c94d0a6a.mp3,2VVPN6IA
0719a6656221acfde6f46347281f28cd42eef340.mp3,BP9DRJ5I
806a0863ed21389e145f9e93f0577095588ce4aa.mp3,WVVE9AL1
1437dd8012476a02f0a1f1d84b8fbcb15ca921c4.mp3,MQDJXGJ7
e0df8d164594cd460e18e09c15eaf7bdf6b9c108.mp3,70O5DIUI
7abe2c896b6ff453fda3ce929199f80effba4e60.mp3,FHRKVEMY
c5f88a477cadf073c7845f26efa1f67dfdb1730c.mp3,VAJ3QW63
d6b9e13e4310fb8205010a7fb158c722ef6fe8b0.mp3,N426IIWE
00f750fd61b3199ea5eda657fce3d81afeede3f2.mp3,ILKQHP04
d766baa48a9cc6c61a3af9ab9956bc4364ce2943.mp3,ARIESNL0
e39f9e462e1f7b539e5478c21ac02014b01a58a0.mp3,YI8OLM2Q
c40ac0a141980408ba7474ccdf782c9cbfdcf4e5.mp3,4NLPAR0G
cd8b224551a7726a81d0dd4c0138a89b3feacc06.mp3,RXQV1HTN
9d97a0665dfd6128db920a8e64b3e313da39c2ed.mp3,IYVJGE9B
4cf91477b08c2eb2805c56532729a17add3a7f2a.mp3,5TF2M6TF
1cddb5f0fb778364b3ee6c60dfb05d2dcb5e7672.mp3,HB39TPG2
6e4bd3dfdb5813346bd31ad238932136f62130fa.mp3,1SGM1HHQ
86f265780f8517c0dade8158393dea50989d2a6c.mp3,0XNE96LZ
91e3af0f756ee8edadfac8f923da73b3041f2c51.mp3,CQV7J5W3
df29c84a7fe336dd35e5a2d111b46a5ee29532a3.mp3,2EGB41VQ
254dd427cbab723c75c69cdec450c3b798aae65b.mp3,505J6GVZ
3d0c613d4b208d2abce45ad28b26f58aef542290.mp3,PHH2K60G
db1bd1bcbbd304a2620f0222e0abc4a0a2b9c476.mp3,TXJ2OQP0
6cb50670f8103d395e3b72f3bb1f07039c8f56a7.mp3,XLSI11S6
75aea299895b1e25d9add0853bfd1b32c5cbb947.mp3,892ECLXD
469d64c92de917cd5b469c4106c6f7dcbb3ff435.mp3,QDC13FX7
9fa07ae468f2469d9b4e94f4f7e3013a7e9009db.mp3,LLJOWTRR
a9ab7881c489873423d91b8eacc9aa1b38e43a4a.mp3,8KG7F3R7
703def402823ac304d1fa1bf3c8e9fb6c0f53c62.mp3,N3XYLDXG
caaee3782ad744eb8de01adb56408f7be7f9444e.mp3,6PGA7UNB
c75ba9a4de8c02d31d7d293eef99456370a2badc.mp3,QUGRY4U5
7559a1402f37dfaa49a7d10951aa9b55da19b8f4.mp3,RYFUGREE
98dff251b210f2e79308d7ecfdef9c7174339013.mp3,Q2CE3WSB
59eff2cc63f028e654e29e7cd2bc53559b0912a6.mp3,KPOKGCRY
0e99abfeee98a358b4824dcf9b6c556248a2ed07.mp3,GC9B1T2M
42909f80329ead296f43427e5ead2c31c6e9d5a3.mp3,FGR5KQUJ
0f4dc5c2853838c1cd39751f295b6e2abdbabe7a.mp3,8W09XEMQ
ad69447bbe375e97107913a154d41117075bacea.mp3,WE8HBC5Q
7b619c748b072b6502eadd75ec086c4ec9c5ec8a.mp3,BWP8ZICO
b95cd50440b1788adc7a71876dd79547e0cf096c.mp3,BLNT5LWS
5b87aaa0b8e5a4ab57f371aad8fc1b6765232e0f.mp3,HD7CZZOV
d134d54f90b55a138312f3bd12a494fb580a85b6.mp3,1YSN7ZHQ
b396e9d0f88efe6cf60e28d4fb6eedc830485623.mp3,RYQZYX28
ffcad732c7c65b730d1922c498141863091adef7.mp3,VJ0OSHH0
0563e378f6b40ef03e865df26e03db9d328bd0cc.mp3,2BY1Z2DM
42ca2bcecb78e9a079707718be8d113960aa0407.mp3,TKJEU4YW
a5ca78d7f6a6b9b0804097e546d0564472fa829c.mp3,ROXD6SQ4
109fc631b9ad653f3367c4b0142159372447833a.mp3,PBY4ACOM
d54eec2b87a511d0faa2f475a351068f891bcd0a.mp3,SB416TVM
976bac6e45147b6f5b0694407b0ae89976fe6e24.mp3,C4XEO79C
37e64642b2240962224b2712887937967cc96dda.mp3,TAWY5UWK
f64e3319de495a2d696eb0ecf1b125b0596be368.mp3,VLN2011E
396a4496e737e11af47652b48a9d7f12ae0af35c.mp3,29939NWI
0a8d55dc98a11ef9435a98df66208d0664c36af1.mp3,ROHKDYX9
8b5af0060686f23cfda1a4cdb325716e5e0df305.mp3,XGHE058L
431b75ac9cab0fb3b3383f62e7500281ed47dbfb.mp3,16DJGQW0
0155f62b7ba26f64a078b0b65727b6b0b63660e4.mp3,1IP3JQL9
05131db6dced4bf9d781bf1612b8ba93a96a3464.mp3,BM43JPQI
05ed508a638041d74309740173616b6c8eb98af7.mp3,7G0MQ8RH
b820cc25d5d6f34b0bd18e7c29aa17e157ff3b5e.mp3,8WOKKKUA
7fda6cb85b8d02105a0e1580d5d2fed7440362a8.mp3,9OB5NIJN
0e8ec67af2bc3a1c2d8c0bbbb062243f6e39dcc6.mp3,YGA21BEI
776b37e131309c41db0c96c9e59a946ebf6901d5.mp3,5ZFB6C7I
8233f8697fddf0be7c080362ab2a8015ee6da47a.mp3,X1EJJ0DW
2e369c21a3bc58dc9baa2eac6a43244f8208096a.mp3,K4PIGEWF
d3b9e73bf6041c43bc69ab5ef58d3f67b6ea4200.mp3,FX43XOOR
3e6056ac71b325c6ddcf20f7d873bc5960463ec9.mp3,KS1HSC77
8f85cce55d00d7c8719bbc9d680259e69682eb91.mp3,UF5JIIL3
abb3f5d6356f7e6deee5283ca689b75b0efffd1b.mp3,PMH66CWL
4c74f7770c959e844444d4fcd12cf713fad686e1.mp3,56BW1VIX
34e15865ca5d02ae161850d1cf6009a8cf12b086.mp3,RELXYZET
14dce41f8e4d7a1d9e8997ff81dc44db98d5a1b7.mp3,HNA3UQCK
a6d271920dc5d4c586358e2da2c4765cb9e5ea7a.mp3,K290YKYK
f8d88ece70ee8d29abe07ba1fc570bccdb8c9b12.mp3,PVVVWP0Y
f7a1c6ad1d386075709f56f031ca7b75a3dc3ea3.mp3,I6FD5AFB
745f20b5faf9e75311855e43e5fa77d739df8beb.mp3,Z1UR17RN
692a9cb03585bffa96d9a9cd862847fa78f305e4.mp3,XTQYB8LF
710e5ccd740b75fe007981af2dfc5721b6598161.mp3,1XL4IMTX
a00828095db97fc6abcbd0fffffeaa90c0638aaa.mp3,7OAAVJUV
0484a1719b666a6e58dfb0cbadb7623d3b527347.mp3,RUYZDOHN
e382618d3c03911b7bb2a6bd6df09b56fcfe7ae5.mp3,8RIMH1J0
bf07e1d8c556d8438e80af5df570d08826c5211b.mp3,5H77GT5S
fec1d0d106ae17dc281866fd233649b7d9491668.mp3,JQEVG18U
0c17d24b7aa21ea10181c00612d99115f92743e3.mp3,ILQ6P82S
f16b55f534621902626f291332a8dad9c7f9a2fe.mp3,G59STV3Y
2413ab5f8d301dfbc179d7a37e07b015a6bb7e58.mp3,0KK4CH0Q
eb9ac0d6f20526f9df8761352d88d17389a6ad5f.mp3,YMMS1GAT
f97ea636197c27e5788dc8785b9a0e59e582fde9.mp3,5XKS8UV8
1aed11668d65dc0b9ad46fa57d45c7a616230fbf.mp3,LM12JMYG
2445afa0b741df7db9ede1850ea4689bee5747b1.mp3,HU5JHF06
8bf1d1d8c7615c75652c892c75a43285419bb9ce.mp3,238LMPK3
50edc0410104affb0470bd158859631c2c5337ae.mp3,P971RZA9
526b6ad8df3e339f71295b3f77b97cbb8a5aa77a.mp3,VWQJ0CBD
a99b9a88928e40422075d5e540e1802d1050dc20.mp3,AANJPUBF
8adc0a800f1e25949523043dd28fdeb225fd610a.mp3,1BEJOG2U
66a1279b30caed3dafa3639899062412e756b79b.mp3,L19ZHRAF
36102fd2573f67bc9c2524cce13de413f593295a.mp3,ENQR9O09
7c8b5d39619183e8d8c02b778bf71cd7f23c222b.mp3,ASFEI556
3a285bf30f53296a448b3b1d1111a92057b50fe1.mp3,RK1PI5AH
07c0a62b75a1630e4ef84d012eeb4ff886f8620b.mp3,HZM9920Z
8098c03fe44757b5d5df4921e8983fa1be5be902.mp3,P2K2FRX1
57a54dca6dd2c1f1498f79ee16f3094ac8c0ef3a.mp3,54VQJ0FK
d33ed2e6b392b2b7e57a93de8afeebfc22f8ca11.mp3,96W8WHUF
610a2f4f383c02d854ed6bab445ab704f678525b.mp3,ZJHD666L
97ef0a54214b906e8f9adb0a8e6418dc59a03194.mp3,4BW961MF
bc1fe13261b12cf6cd181086258e2d164a57a8c9.mp3,UL4JZRIE
7a802afc158634caa64eb5c6596c31d148b5c321.mp3,Q7V9Q3TF
446c9c81869e8f0999c06f4b5e2f22f46533f63f.mp3,CJIH0W9P
358b9ef2cb0762a06c0f57a6b7d3f403f4373ac8.mp3,NKZBHTY4
14006e436477019e8b6ce5733276735eb4b312af.mp3,3UYK6ETT
cc89df8cb58a7327138dc7dca2d1bd1887d19682.mp3,TFQC31Q2
b0856268c4a98a6009c99405b6cdfc0fbde3a644.mp3,9L5VJJ7I
ca5aca628dd9817ea2dd708f12ed9ab74f5914e0.mp3,7NXU6PM1
9e53573996f3eb694b4f52718d582295e25a1246.mp3,LJNH9970
ed1e7bacb8b97494e718b39c811b8a8923e028dc.mp3,BQCB05H2
2fa3fe660eeaca2fa0fe0dc81441adf9bd46596e.mp3,K9IM6OTD
80e24e2191c39428da2bc648223ad389f3cd0ad4.mp3,6LY6UT49
c1612888ca6bd3fe89a7c32844d1aab8845ec82d.mp3,A54RV040
dde9990f9b2356f178ff84099a4ba01be892a18a.mp3,P3ZX7EXS
eeb5176de8e921f4777f153670cd30df3325023b.mp3,9570XHC7
6e3d5b708abe7b03ff227a5cc194dcedfaaa4ed0.mp3,TJDHW4QE
8cf94e524da41d0a244ba3401bb965d3b77e58ac.mp3,PVXVPH8L
b88cd4f1787bb4ee1906aac9749d5f77734cf606.mp3,3SLABCFY
15f6be6ce84eb2fc185ea84ee275c6b350b90838.mp3,J75OPWNW
14b9705d27947f143993d8069278eb5f53557fb2.mp3,VF4QZMCN
d96c11c006aa4e0a89e6d74708cf8855c12cbb2d.mp3,M6X4YWFZ
e6e1dd541c669c9e563d685c98d42b76e90f66e3.mp3,SDO6L7BH
54b12a4a88ad9ab1a8e7fa09876e4035ec70b7df.mp3,7B264E5U
1fa1452945dbc54ff68b2b76eaecb6b1396a8794.mp3,ZRD9109V
a3dbede00f9c5b7cc5e0e2b462ebe8a5fa38740f.mp3,0XW68MLR
a40cec046181618f349c7ce6096ab7785ea2c2f7.mp3,GO0AZZ5D
c1dc2c05096bf16f1862839d992b42cf5096a4ab.mp3,SGOBJL8E
4d30e8fefc996a669d7933bc82b20d34deac04fe.mp3,763ZXNXU
e4d8d060a52dfdfc24b67233f125311cbfc18718.mp3,A55AUYB5
a350cf4d2614e945578cf4ac916d6219ad9769f0.mp3,P8VZ5KAG
55f28353c055ef25106305da59620b632014edd7.mp3,AM251P4A
09056924f22b3baa86c678de2558c5bf4ab1d7da.mp3,DJWOEKB3
c8922d219fd3ee2dc2797077fcfcebd80114e643.mp3,BQ1KOZNG
93d05d240475cc7b231aebb6e9c1ee8a5480c20a.mp3,6QWHQQW0
5015e13e1ca2b5d78198c7d5cb1564902c1b8fd0.mp3,X3ZJIM2J
c27c1d2157bfb04d0b5296734c5584a9978a1401.mp3,HTD3HUW8
8e7271dad2766db6a6c171fa552fa3752983854b.mp3,4BAYHXAX
074c90e2e08b02b24f3b1b43031cc76bba2a28d5.mp3,PS0JRHG7
8e3dae110c09e0fa7bb3b0f38bee1057cec42a6d.mp3,7W3T37NV
bb4d07a5dd1ada191d77fd3bed5783bf8427770f.mp3,162Q1PC9
704fda670843d7106b7af8c1806362774541399d.mp3,D4HXLYIE
7fae891b7953a198767e93b109775f55a0c0ebde.mp3,9RA4D23Y
97961ac0e582e3199322fb1ead90e409de2e92c0.mp3,REWHLWIV
57382671617267811eb20539d4769b3ed7b53e20.mp3,IXNLVANW
b9b5bb35a48390dd1444349de79fe938aa36fd84.mp3,S2J96HTU
752c76f35379d8199116fc3a66be6f35b7a846be.mp3,4RQ5AQSC
2e4e07c58d66196eafdd9bb029988d9a46c1e82a.mp3,4MUJ6QYX
803d8baffd35a20c10858aba38ccfa4acaf78700.mp3,VRTNK7LW
32367cf8a7374f03bdda5e0f96690f814de41bf9.mp3,HWJX4BA2
9dc2220bcd016e337da267655b6ecdb88ffa493d.mp3,CDSB1T7T
9604cf0a6d2464fa09c2c7e3f44975b2ec8c4414.mp3,0KF9AI02
29a8d94fcfb2351a12df8901ca43f4c7a49c25de.mp3,P5YQON22
c82e305da423d51c15cd8f3c535880dbc59262b7.mp3,HQ4M4HEH
8e9d0e38ae1179d8976dda04efa4d6e244c78ce2.mp3,QV7O7JOC
c269c2aaefcf0bda7dca0669d3078c7084b7fc46.mp3,VP07I37Y
fe8c403ef3ce131ea5e57f8229dfe319c11acf4b.mp3,5Z02W5SB
bbd80042ea5131aa4e182e078cf2f3928e2fc87d.mp3,ZFN13K0F
0cd4c8a940f51a2baabe954e873cd631c662d1d6.mp3,6BR9048L
624edc9299de3fc9f464a7331e69109db9a5cadb.mp3,HCAOGW1C
0108211cf90f85f6c4085e2ee9dafe32185dd39c.mp3,CHXYG2BT
e33a4ae348c9f160e7d02b7ebe75e626b67235d2.mp3,UVW3WYU4
7bf2c51414067dae5fff7c7548ca6d2ee17f56df.mp3,TIU5XC3R
f54c789e0d447070db28e1649d136c48741cd78e.mp3,U3JSV36C
d5dc6f4bb7471c7d3152e4f781c7584f14fe7fcc.mp3,15S0X93P
9b834c450bd6fdada18a4df80cba774024a04164.mp3,VQ2J9WLN
fcebe58866208ad3a388c8474cab3073e53e3dee.mp3,QCNGHZGF
44b3e3397d92781c29c4e2b0298d110c0ed9763f.mp3,NZ27K11T
80d54ff13426a08ea00a952d6717e9cc468c815a.mp3,W851UU12
3b5f49c09aee22dc3c7b6688cfc8f9bb0c53bab3.mp3,HYZG7GMW
17a69c4a199ab9f8fdfa054a38eea42f4bd783ca.mp3,JK4DG0C3
f2eb1f7770795a66e0743658ede2d3645834e98a.mp3,F3EO1QUD
8f6d9318f6bc61d69b81da7783d214cebddc9037.mp3,GQ7SJRFD
3e2355e02860a91e5066a71d2ed9762353fb3b76.mp3,PLV2D4VK
45267d0c2ffd54aebda61dff65d0cee46b51a6ba.mp3,8CAIS4OJ
cdc9a235515d74e187d927bfbbf04b4bc4060ba0.mp3,0NMY4O9V
562f73a233eb7c0754d8bf9bcea421602b6ebb21.mp3,Y9P4DF95
e29ab4fec2ef3cb318575cab731b1d98ca7cd3f4.mp3,1KJ90958
b548adaa258c2aae2f651136cb413faa09eba274.mp3,CXVB4QQL
9bbb365c151c688f422451f6a0c0d745f643c080.mp3,LMAD6KQX
600cab16e84dedad1c8a34dc4452138ea3c114d9.mp3,WGMHJAV4
39cb092875a69cfd6cffa01341f4e15cf7747928.mp3,VVDSM99P
d482fb33a3619b3d0d2ced32be9b74ba0a69596b.mp3,AYABRT2L
ca10ba24bb3bd0f3148b47d8354775c1f8ac0b5e.mp3,YJ3MRZ1Y
26c089adb99f76812b73e896b355fde375c81433.mp3,5JY892KH
fea07c084df42aff663442f209af5d90095b4650.mp3,WGJ6MCNK
e2b8752a741e63aadaf88426ed1089dea568ddfb.mp3,YTST5WC2
de9b6cc0018564a9a00557318f9fd14eb8299bfd.mp3,9LZ9BO69
b8f57bdc02ed2c67e3c7fa6248216bb786295123.mp3,Z37LL5WJ
31e61454f5ea59e39b164ccb7d46f812d9301733.mp3,UON5KPSZ
5bcc8e1486a09b244a6a368a36d80d387c33eb0e.mp3,J94VQ1HQ
94d41654d9374c3c7401f5bf6b89f53fccc1b881.mp3,V4URWGNN
43116b4cbc68c0fb96e3af85ecc97e5b88fd3ff1.mp3,GCEJIU9Q
04342a37cb3604f8641687f3e0fcb645b5c4c37f.mp3,4ZBD1RLN
560f42bc467ab42398fc4d982afab310a6ebd909.mp3,20YLB70S
ddf72ffce100028f294c3461da597e9959b56e16.mp3,RNBE7WP0
15b039bcc13e5ca28f4aa96f896407b570f1c3ab.mp3,6Q9LDBZW
d6e15fe261a997eacc5bb86f0a88853d0691601f.mp3,F7KPCDA0
3cdc2d5132ab9cee993ec2086d737ccb2fc16b57.mp3,BN46V2D4
cb5629b3c1a8ebe289cccba41596f135e2fb6532.mp3,LWDQJJQH
b4b4179bd5496cac60d84209dbc6e4d36cbb476a.mp3,5BRIZTEK
223a65dd8f3f92c2e1f5f134f2b9a9cf7967cc65.mp3,G64Q3ZJ3
d77a886967972c440bd18fa6a0698fd7f714cb3c.mp3,SGE6D91G
576e25e6e7640968220c3269349d2cce54870903.mp3,ZT5BRT61
ac35e7fa6bc1f5793f7cb0c6c42eec13656f757b.mp3,XRG0GKWG
610b9de279e49af785dddabba1ae7cc487127c9a.mp3,A50AJUD4
2af5cbd9d2b23228f295ba5530649d48aa346865.mp3,TMEFGEQC
003eb5a47bf508db4c4c0215f449adcb44e71e7e.png,908QBGIM
0041c6577cc2a213b7769c46b255f7b54dfbef78.png,2BGMF6NI
0086a5021e6d5cbed2b289e8a9e6deb759f285eb.png,XETVPXZ0
014877b16be6538d2fe60023be686dd69f141f69.png,QEGX5PY8
018346baadb09f7406c498d3b2182c63df876d08.png,9DP5X1X2
01c019194b6ad276c0e2984d61d9f2b592609dc3.png,KRRJL9P4
01d154e0cedb4c979644ccf75d0eb89315e57dca.png,VA27ZI9F
0225af607fd0869c176213f0792a353a01f260b0.png,SQ3DPQDG
024887e76f3c456225552281f327da78cdeb990e.png,L8EKI1UV
0264a7178e0025c1d6c68032cb3c117bedab822b.png,PBLGMIWS
02a2d24e84668f31f39cb5a862eff11770d012ef.png,SMPTJE2W
02d5504f920b3d83c362f609f6d50717eca7dcac.png,7EOA7GZB
037c8783232c1246993e533d46b737c79aca5422.png,W4KRW8HK
0395906c0488d6de6e4536439ddce4416ede0f7b.png,XO6SW89R
045598d9f6696a08410803056032118ebb249084.png,I5HOOX8A
0467ff6f059e43b4d71470959dab44502370446c.png,PKVD001H
048b9fada6d2fcd91b43d6a35063005e335e4ee5.png,J46WZQ3N
05f840c14c769a5f27a1bf10d16d4e4719e08acd.png,05VEJ8AF
070cb42897dc66de73209d9c9bfaa41672a06163.png,T9C1QSDS
0764ccbde290d8dd97c1d4cbf0d63dbd7a633536.png,86B2SERS
07beac707f74e76094f318101511fd8a8f81167f.png,SZP3GYTH
07d8abea1d6ad8f0f68802c268dd480cb6d48496.png,P7OWYP6H
08724d89486d2c8870f06a4fdae8725f1080ed35.png,CTWXCCO7
08905e50471cb87baebe42b9759a8ca8de45c328.png,KK5ZDBF8
08de97f6141121b56d6516b069625e2262056676.png,80AJ9I06
09cc6ef318e5c58d28ca2833d755847a789d0f03.png,GOK881AT
09ff87f47c0140c77c90eb42cb33f7aa4bd92792.png,GKVZX51F
0a1dca01b5f65f8b93b355ff5f9ba6b757193807.png,UVF885ST
0a27d2b9810b427cc3c825bfd3443ea41b21ee1d.png,ZEI45BQY
0ac40953b8a97a0df6923b05d70dc0c58ff74e6b.png,JSHILKQY
0b177edf0cc14d2c06a6ff4674a3696639b02f36.png,RUTJDKAZ
0b38acaa1192d64c90ead2fd1fab10e8131a35ab.png,K807YLUD
0ba930e7753e739bd237136abcca97920872d068.png,LQY05ARX
0be6a2695000309fcf1c71ed8852673ca55ba7f0.png,4FSAG90X
0c02e8e8934429e90033bdace2077806c396fae2.png,9RBQ88X2
0c1c162d1a21d27d1687ed4bd7812e4a03fd2c6f.png,U67M4D63
0c9f895de6592fa30117ca6fa9ce9d9905188814.png,LUGTGW4H
0eac8da8074c22cb084877749572bc04ea151982.png,5NA8QH8W
0f4aa53746c0b6c64d58d60c5735ccc16732f47c.png,T4J8MLEF
0fc9cfd4cd11f7244ea8341bc1a95e1390b2e7a1.png,DRND4P4E
10145e3412a79d3fde27d6f3e6ea641321d58432.png,OD2HZ450
104426f910d841b39921c1f06e7ef9143a429353.png,BS5L2UDX
10b57119bf4b4620568a650a05376d6eddc347ac.png,YAYKX6I4
10cd940473bd0a782bba599f8a4f601ab2016d78.png,RMYZH6AJ
124daef1da4b4973fcb0cebc85909dee018d85e6.png,59ZV6906
12a5647404a9be5c1099912532ceaef381ccd347.png,F0W39SGL
12c6c999a5299f355d15a1d7f00d3bae7ac4a640.png,FN5OFXMB
12eeef6b56833241e69d6a9d5f02b87def11519b.png,SQESKQEO
13045652d76ddb5771e7cbaca3d06b1b62752e6c.png,DP08M25U
13b303b99728f9ff6027109d8f4c6f3bde0110e0.png,UC7W7TEF
13f168a22d064ec75e53eb801baf23f6a3265234.png,UB5IBBK3
141db3a6e610bbd22a1af6306172c620bfcb6bae.png,AX1VAMOW
1467bfa5c5bf7f6035a318194c97e302f406f3b1.png,2VW04RDQ
14cf58e5adc72da4e5986cb68d8388a2ce06f687.png,ZZXGEQ74
14fe232a023edbaf28c6157bbb1ad08cc7edb9eb.png,EI5NNQMO
161371d2ca650054ace30dab6af4d55b832df1d9.png,731Z4QC9
164178f3512f3537e318fdb2c17991bee546c301.png,9XKNXWXT
1659ea4e9b436ffcf99f699692240c794bb4945b.png,JXI4WBYR
16c6f27f63fc36725a65a933d423c5bbe4bd8294.png,5UV4FUEN
170dcf423678c3c7be88a3274c21e10475cf40fa.png,K7I7ZKDQ
171b1867e776bc809bcaaf6b02ea12f72723e02b.png,DNIWM65Z
175c01dea97784ee197e89232481dba83517268d.png,5QCTN2Q1
176283a5fc9386f449025b52097b7edb8977efb3.png,J2K0KJUI
17977c537e4e265cb097c151bd46991ec693126e.png,NY4QQ4MV
17b002f0f0307cf252540f73818ac8c95a355260.png,S6MQ6D9J
17bb8efdbf477bfd4ac799a30c718b8d5181dd85.png,4YMPNI4U
1804cc42d18ebedbfc5db293ed7883b40002111f.png,KBVR0MVH
18666cb7b835ebfa5dcadd76ae7e6606c7fd9f4c.png,1DQHBWFZ
18929e3d8b634b099fa24cc3d4bf55e17c0bfbd8.png,SAJ7Y5C1
190c0c763452b0f2f99ab43d2ef4f72acaef0d0b.png,0L32BAKH
19baa13531c5262ab92bf4c35dd288b21465d5cc.png,LQZAT9QU
19c950aae39fb7e8813f50a626845089abcfe5c1.png,8KMXR4N6
19d65c458f92a2b8d857c3c82a7840cd06f04704.png,EASEF98X
1a7f0e5254a14af37e6972d8855253cf5a83d16e.png,6GIEWWA8
1aca1d1da8e51b9a6c2b17714115e58654e2a93f.png,2TBGUOH9
1b83261d62617a505a18ce380058cba638434598.png,VNPO0ZLJ
1bc31a18eead43184ae2d30bddb8b0a2e264bb5e.png,MFPTM0CD
1c1a68e494d9505b52bad906ef07ffdfa13d97be.png,2M3OQSXL
1c29c88f220b4f3e5be55aa709e3d629eea0ea22.png,W823HAOV
1c696365cbc3018e8ed4504ca8fa1088b2f5ff2b.png,6F2Y3XNC
1dde97d21aa06eb42e05de60e6907c612a0e2a0d.png,S0OA4NDC
1e33d51e2c6b0144b8ab5d85aa7dd5f910bbbcf3.png,DDE5BT1T
1e38320a2928316884dbdf424f7b3daadacbb8d3.png,T9FZCY9I
1e45cb563c95b07cea54733283ac6a126ca59a50.png,VXED9D5G
1e7f4f19999f14710bfd95c3bbd2fca1ab8dc654.png,IEZBYLRA
1e85b1e71db137d9bcc95b5068d500493659b43e.png,H63JEVMB
1ec2da1e4da912b51dba4cdbe5322780523fd920.png,BQ9EIOB8
1f17cf4f8ad64814c8c2501def4d4941e4535e5b.png,LR9WZYT1
1f6163ca29ddec4ae677ffeec5924ff16cf3d4b1.png,UQSWYR0C
1f9ac1bf6ddaddb6003bf5aeec44c040810276d3.png,64XSLGZ0
1fe7fda5859b844d21be660675faea0fe351bdc8.png,D4ZJ3SGZ
207e5b90b56b734538536a95fbc7c060a1b63524.png,M6KEOKDH
208e5f9995dd6a5cec7d4891889ad1d0dceee715.png,1AFXGI0E
216654bc832fb51841090c26d7a9771e3cd1753e.png,N7HXDD24
21f7199212665f3526133f0d5ed3e60087f79ee0.png,CP5CM5W8
2269a38cbf1a487b847f751aefced2d53a2f241c.png,LOUI1FS9
22ea0c802c4d42f748b64c10b2ca96ac28c258e3.png,UIZV4PEU
2315857be3b4c41b8cb5095753ac94055eb54cfa.png,CAWENW6T
23a5749e5a658b06c9036acd284af15e492fb536.png,GRE7IT4Y
23cb62bca97ffc5d18c815312f6723254902ab5a.png,Y3C3COL2
242f41363f9fb177fecdc399284fa3ee50164e1c.png,0XPHFNU5
245c1dd9da8d1e45eddb5124139aded48bf30d31.png,IZ3V4Q8T
24d5f8fad0f37710658135bcb7e0e107535e1bd7.png,F7AEZKSW
258ee3b926f8944140676b9337f8197a9ef0ef10.png,2GH8V47N
25e3c3ba1ec0480688f6bbfdcfc199efe9cbf5db.png,AH1Q1JQO
263f1fddc1346c3041476b148cc871f5dac78e51.png,EQKNUAA8
266acffc89c2dd9434acfaf47661e65cf8c85966.png,4RIPTLNU
2726ab339b8ba28a8ccb1debfe014664b9bb3c7a.png,YK0MQB1J
2779b3ff7af4ec9ae524e48f3026cb0daefa1e28.png,C9CEL5UA
282b1288fdf61b1379f630d2bff7d18bc3f391fd.png,1297BEGY
2840751ea9f480a0dca5c9db10a942cfd8dea16a.png,3J6CLPB1
2901ca8e8e47d4a8c349fe34e2790e986d6b88ca.png,XWW45HBE
2917c9aca0438353fdc2ca6b8c943579df1495a0.png,BD9MO3S3
293ffd5223f7a00e3b2dc52824c27433a65f9af7.png,LDXDMZ60
2966ffe7d5d7da683d7b2a5802632b0bbcb7bcad.png,GR0GPYAK
29680c1ec6bf00dc5eb81a6995b627f8f2aa4e55.png,TDDEB1GS
29a0a815b43204fb0f212bb91bd96f3d340d6314.png,PK7Z3D7W
2a71a881a64743cd6da52e8430d3c4f8dfee6089.png,E8GOH9IR
2a920d86af453d400dba92cbb2584f6f0bf71eec.png,CIYBDH1P
2b5a987bb54c10592c946f3f0a41ada3d9e74ff0.png,6S322F3V
2b65e6d3bcf254655047a03d0c4a199c5a39ef48.png,KWLTJHPC
2b99c8ea773af225b9d97a1f08106a611a7995f0.png,FXSQLX0I
2ba5a901576db99915aa1a6f317adcc12572b9bd.png,W85JC1B7
2bf085b869e9e2a12dc57014f902a92e54ed16e2.png,9JT1MUBU
2c18dec2a1645d611b6bd514720b30726e5ae306.png,4F3157EQ
2c26b9f6d888b72eb26d64cfa337aecd2dfc7908.png,PU9OOJZD
2c3d22ddaa616f1fb4b1f4c7b934203ace2fa3cf.png,MUBLM9R9
2c890a4ca52221daa8e46a4f39cbab6536a37c69.png,5UNPT831
2cc17d44d58090a087e6b73f2ff778417a99ce98.png,NY2EZFKS
2d10453991c81ac706d0d1a88cfe44e154c91ed6.png,V1B56NAH
2d9d17c412acd7051b350faa07769eda39e289e6.png,IARGGHFX
2dcc0ed0b27a1ba98bee6f1b344cab587e7e9c1f.png,9EOH158Z
2e29eb445f7ffa2d10ae4191e0f79e7ca3518c09.png,LESBTIYM
2eb6dc706acbf81941acdda517f072b243ee8621.png,O35PCGPM
2f353833e7aa8cc2d7b2353082b0dc7400b3ef74.png,XAMXRCXL
2f4970000ef74965ccc70e7fc522bb88030b7e74.png,UM8IEN1C
2f4d29fed69cfb1e4df89a8d986b8a29cba27f1d.png,XP0UD650
2f607e345388c15ad1b491d8a91e22733da728dd.png,G4JOXO6O
2f6f601d324a7d8382f9ba5014d3482b5d9db157.png,U8ORQ1S9
2f7ed5416cde5ddd4a91ad28a260ae66c89a00d8.png,YV65RD2W
2fe029c3fa9c457800185e82bce7cd6fd7534dc8.png,XQH411BR
30497fc76ba58595f914e2d1fd212a1f28dcdf49.png,XNXXIKAA
305ae169ea2ce02a076b8c0ffd8cd6a890d4a469.png,BIJ11HMJ
30f7f5a2c85071ace559d876c7a4a8d221f1066e.png,DNHVCD0A
3159633210556542d94ca39920a65cefecaa3008.png,QW1S6U2Z
3195d0a87d87846d69062c2b54a648ff3d094a49.png,2OF2MGGC
31cf0154405d7c76966b5ab7a7ad6f4b1b342316.png,V9NEZ0A5
32671316bd67c076e8350386adc2fac04adddd68.png,6S0I26J0
32919bfa4015d31890e4a91dc4bd7a6df8192333.png,8H07NX44
32b9453e9e56022eab5c864de1bd322c67af76f4.png,FDDTADWS
32f14b9dfdc9b1f52f9cebf6d6c6708e85eeec64.png,BTBBZQ46
336f89ccf6940dd5941a0bb070bd3f35089af293.png,VHZMH8L5
337d50021f0b2ca60fbdd00434568c2394971fa7.png,PZ5ZAHHF
33d8907c3e3281a16c9ebf73b390e6061d4aaba2.png,BD5OZTTI
33dca454fc213afcd8052a19a0c3eb70495630bb.png,RYY08DCN
33e6303695b1a07ded5b18f06662ae4dc2fd60cc.png,YQAZEYGN
33f9d85798f97778531814df26d12c56b2d66eed.png,6K3I9LPF
33fe79987809a66866fc280cfc41d38d0fefbd64.png,WHNQA1CB
345dd3e26059601905ed863a0cd2020983418e3d.png,SNOEZTEI
3480972e9582d485375122a4cda332a711619af2.png,T9GT0C43
34b93eeef06fb2c36a3a5808bd3c1b1d237c15bc.png,8IJW11W2
356727839bbcb50c3b1325f013831650c1427417.png,ANZFLW4G
35b3c40fe967e21b101232ff52e494863f1faf2e.png,J4C8XZWT
35e0d6e21503001311b612deb4aae5b2454d882d.png,ZBTICQYY
3601e6eaef8dc0b0c47c384f14eca23e115ffb2f.png,72BVCPTB
3635739a50b75c0145fa655de962be8dce9dc697.png,LDV4B472
3671df0f161f40dad8aa039e67fe5f76e9097a0f.png,JWO21PHX
3689be40326a581ea0b73c2ec81d7ed7c46edbb5.png,QNYMY0WE
371e7c55581dcb1bc85f8f1301a4ed0606a5e348.png,05D10OQO
372b2e58a434e9d56a1f4bb0d8d0a8c756338069.png,ABJ6TGBQ
3746c4e0748a31fab135cef359812acd8da25059.png,F0UCWTRR
37475aa6a1aaa123eeaeeab9be19d4865d93ea2a.png,TQCM3KP1
37ae59c06f55194703f2cf132c4ce0e65055f291.png,F3O4IHYM
37cfe20382cb53e4d3d42938949e2458aa62b52c.png,G7T51FEF
3807780a9e452d0aad475a1eaefe36b4f44756b3.png,U9I5C73A
38287e021d1dfefdc5e9a6f3c9552efb55cb73f6.png,B4X14FVL
38b8eec1684ab5e3f60328f7bae34ab61c54bdb8.png,SMM80NWH
38d9576d1308594932389ea9769844f6eaaa5f11.png,HHO3T7IK
38df0a5498d48dd6791d30e8d18ef78586f24daf.png,F1MVTDJC
39463ef0de49de47da87b237438f2a421a59cd63.png,LTBWBJ23
39652e1bbd15a5aa9880beacee80c5292ce8ee4d.png,SD71372Q
3aa7ca3a864a3b0f15a312ef73a7e42649d8b285.png,I85BV6M8
3b3a0b9dfad1c15c077be5e8f12be4fcd2b1c832.png,KDV7I34J
3cbbd2f7ffdba2689081b0b775cc9b9cc2164c7c.png,PZYHAT5C
3cbc3bc90ddd5659b3e1ed51a92cdfd362ee86b5.png,OGATBVIZ
3d108bbb2e4207772632ef49b6f252b296f068ea.png,DNGBMBRH
3d1b48d638211800c418e381cd23cf4882840553.png,D1WRIHIY
3d8b80e31373b4f5719daff807b6e99a35410f46.png,VW7SR0NM
3d9a50e6cf72f2792de455db2194ff14a8faf8cd.png,U920DG34
3dd717bdd49c804c8f16430f1aec66e8fa939ecb.png,S7Z5B2XU
3e080c8eeae0473370a4c5d3dda508945fc17944.png,CK9JV77M
3e6c940ce398b8c1d55c2baab5c10ba8f020fd2f.png,CL50IV19
3e97bcdd3ff7ceb4150af755034d425919eb01ca.png,H3GISSBO
3f22ba6a9103c9f9bdedaa0d9da219ca0d9c7336.png,YTL3RTWI
3f768f8fb8d9831d26522f98259cd3266524f077.png,ZJC3NSF2
400ee3a966b885af7f93e863e7aa231670824884.png,5RRDG3SG
4033a75ab70e460db268cbe36ec87da19f551e92.png,WGHF30IS
408ce9f7db79bdfcb1e280d0ed0d67a617f69952.png,GBOVNXKA
40c9b02915b1a14c00766daedd129bc7eb89bb27.png,W69NFOKH
4128876d91d74e322f84b729f6e07099a741815d.png,6G240067
415b556e54bd05a4eba031fc157b4d8ec36b9926.png,JLE3F5XJ
4237ea8698fee2cfb49f36da99fb582159089101.png,QHLWLO5N
42897517965478900c8b90b6f418685418520a73.png,4Q01GQJ5
42cfc33881f4cb6553ff026f96b1ca47b503ad3e.png,NNZ48742
442ea9feea2ac1d6af88b5e5bb2928eabfae1bbe.png,2OYQAFHC
443cfba579502d8de9d63b7c48ff80cd37230258.png,DCWOLEHP
4470777b88e3b8368792e02d8bf12e73b9927bd4.png,L04TXQ3G
448fab49754969fa507ff6221b2d91dd13e02183.png,1LJ3G3A6
44fe89366963b731153700235a6ca1661e1ac595.png,WLZQDN9F
4504e33cc3f25a4bec9c2a70a52fb351e2db3b6a.png,YZF55ETF
450eb61fc12b66975ad16c4fb50da95e59141d5d.png,TNXGTTQR
45884fc507a91ba3309bd68bc7b4ea98554df224.png,E7DWWGY9
478514e1a61e2585365f7e93a8e813ee7aed027d.png,02XMUM17
47e16b717261072505bf3096f0d3d0097d04ea29.png,M0DJCLLP
4817807fa0c08590f0a6baab4f052bd798f3c6a8.png,K0IQREAE
4823605255519b4415d0ec18ec86e3c298e36882.png,0F2QC0CT
486485be21ea67dddcef0aa1844867f8ed85dd2c.png,SG360LQ2
497c4be3e3077ea04372b0781db9b35138d450ef.png,CDXZ9LCR
4a7f7faec28880ddfd7528a0d2168fab3a0891c6.png,EAJJO56G
4ab671dc7d2afd4859c823840aa835ea008c8c47.png,7T5JBTJD
4ae3b11ce7ac6ca4e58ce1d223aa29221376915f.png,6OITB0E0
4bbfad0297b558dfe3b7ccfa876ef662f4a9c726.png,BJM1YEH1
4bdb2de2b53d62b20781c519292b50ab8cddba44.png,HO82NF7Q
4c06e602fbdac2f2d6e538aec76232be94f48739.png,90OWVEKY
4c1f2bc0a4a8a4a01b47d38286ab7f5f3c69a25c.png,PJB689IT
4c62a2171fc1cefc4c3d1b771e79ef4ca68a67f1.png,RF22ETMG
4c783bd5a9b884b668d66ae94d07d0a2339eaedc.png,NKM1RHM7
4c8102bfa0a1d8806dfff56fda2699f460937a7d.png,2J5ZX2NX
4c8c0400948185d125d9b66e6ff901ddcf8d82ef.png,1LBHIBPO
4d2cebecca03ba649ba7adfbe1b7e53f1edf092a.png,T34067TJ
4dcd8513f4bb606d0a4447fac61ed12f6e34030d.png,LQCQJTBN
4e9e823d95570456780002e654bf69fbafdf124b.png,8ILL7PFK
4f647edddd805a05848c1bd9f8d22ba004c4fa26.png,IC25XJBQ
4f7cb99e83b13b1b789820cdd99afb45b4fe6ce9.png,A12Z7C83
4fa167eecd48aaaea301cc20d0b7bd46cde3d5d1.png,M22066XK
4fb32c5e821293937b121a7621eba4d294936c00.png,FL2EFD0J
4fc6b2b65641f8b9d64842c176a159f799270d46.png,D8FA35B1
4feabf0a2929ac40deead381078513a3f78587e2.png,WVS9KLOX
4ff2fb67bfead8aed7cf620d4869a316953f014a.png,SQ3G0ODI
4ff4a713195b4d4487d6371c3b2ef5df4c93f1f3.png,3O6JOXNB
502b7af43d08f0b63efe28981f8cb1a27d6c5546.png,YPK6KK9Y
505cbaf0e8b08207ce1d7b7c7dbf0e5bc389cbad.png,KWF1WFN0
507b43a5630671d79f01a33dbb4797a7ddf37981.png,P5NSVNK7
50953ac9a7c3d590bb995fed7109eea065adf908.png,D04TCNIO
50d50b217827c6964fb68ee8c5a1187fd001299c.png,OQHWDYCT
51073bcd3a2da8d90c48fe6a90b7f42dc11ec861.png,2CM79Z26
510d3b1dcb689c9c06277a4cfebde0675ffb5412.png,8NH6FXEH
5154459a70baffad24e24c60aa21cf31fb5e662b.png,KUM8SX51
51947f14065777dc59ffe738dca659f719e56936.png,BDVGMM2R
519a27418c333b2a5f79882de42e84983ea2b55f.png,BV2VSHM1
51d9613f9647ead120a5a679b36ead3bbf5fda63.png,SP410UJQ
52042c355d7862ff84f3f27d9d5ddba1fcfdbe98.png,3BO8H6PW
52b080b9aa59ece674890a08c702ca3599800f13.png,4J4627FS
52bc293792cb7f7dd197c5822fda9cbe761b2e45.png,C56621OX
53232ae8d5b6551788b7014cf358390ca771f17c.png,BCKH7XS5
543a239070a8cb534798c9b6ace528e559a8ba7a.png,HCZFSSKK
55326cd7499ff92109383519047887d2c15d23b6.png,N1QXGALG
553d35df71b3446d75d4cec593859d27bc9e6ae1.png,XOX6EXGP
5540ffa856d290a794d1518a23baf71830af8017.png,9WBTBTON
5552ea98d349d48dbea7806c610c3fffbc35bd12.png,YHRWSNJB
558183e043b2720e976bcad4f59f680b099febe5.png,MQYVLRP1
5593044c09bd9fc09b1eb4c8b60456cd5d95b851.png,YDCX07V1
56190e581dbdee1dcdd212ca45ee93cbf5e231d2.png,22B5DN6R
565b9af7835204bc3e21ec14257c4e75d798dbdc.png,F9MALI2D
569df017329c963ba08967d8695886d8a0a715fa.png,RXRQQUWA
56b9e3acb4f36aea6b38f4c2e0ea89cd3f43783a.png,P4D34VAY
574c2d485baada99dea60677a872d940f00f1a07.png,JN3A4KJB
575755485e6403010d14754d9b93d979d60b1c8b.png,VXUZ3O0D
57757dbaf36e127c7e36630834540543710eaf3d.png,78PW5APA
57780a445c10e2c6a2f03b2ba126572c91cc22ca.png,OHKURINL
57857bbcdca3304f64b3e1f738fe1b96a8a93dfc.png,UQTKCHLT
578f4dc93091d5d0d5218261bfd1e783eed76151.png,QBY6NUNK
57b6fbf65e7154370a18bd3a2a19d66adaa8f7d6.png,LCDLETYQ
58926d1600dc2369628238e4e0ac94423c6e8177.png,EBAMDW6T
58bc5a314ec8f49aeaafc23a4a86a6713e962dbc.png,MT2WI2Z7
58df11046c270f1de3bab31ae99393cc647f98aa.png,ILUR1W9R
59019514b834377e79fee1680bed69f780321a29.png,XUV6ER61
595d5da2c2a8f60325ec3211618b3b690b15bdfc.png,YAFGGXCG
5a17068d3f3ec671e643a832ade06927974036ab.png,60IGFFV4
5a7d3c2e597aa16859d9e657c7b75fd49cf55edd.png,VK7DIU4I
5ada38bd8e593d65624b187a28ce46ca9f2b4605.png,DQ9TYBK7
5b4abbf7dc77ae2b0e07fa582dd109aacf257b23.png,GAFQWOJ9
5bb84707c2edcd66cea4e6609d6d00ce219f6c19.png,3HFLTDMF
5c158a1340551d57f1160977a375e74b33d5b9f5.png,X9V2EMQN
5c1d17d1d1f5fb44c771a72a8f2b80ce563fc2c4.png,ZB8KFHJA
5c38956dd5d3b816d2387a01684233d2c1d439d0.png,ZYDAY66T
5c45c36d339e7e5ccc7e8fea9bbfb26d78a4adc8.png,CETNQ6XN
5c59eadafd0510cfc5bd8eaf719760517fd38ff9.png,GFP4Q66N
5c60398d7d7688f65cc74f0f6814eef489fb01ca.png,VS2G6HB3
5c9b80064ed801110a078c8d8be1f675d8a651ff.png,K3LFPFM5
5e42f75c699549447db3fedf958b0d94c5aadbe1.png,0SE8KQOS
5e491b59c89c172291d2d9301b8d004c5445aa2f.png,VXPM2R8T
5e8eb06b7f6499f4bc355a25711e32fb45a9ec14.png,7GYX1D2H
5ea9059bab39bd89533efeb854a058aca0ac9f0b.png,G44YZXCP
5ec28f38b708c0df7db88a5b730f4f5d5e61f444.png,YZKI5GBU
5fa970f810d870afc2aaebb9f7d21daf42ddf8a2.png,9XJBV8ZJ
5fd682c2403e3d6bc72a97b615736bdfcbceb826.png,PDOICV5E
600a77f4f918e328ba44a435579c2af39ee7cacf.png,0KEHEM0W
60e18f53630877f973e918a5e70b994729d80434.png,IOOGPLJW
6118b0b8362ad844ffe8f3d3092fefd53dc7fdb7.png,TL25L0AN
6136131a5863a061b8206f8e744693449200f234.png,OZFVXMCC
617fc496707f7deecfb03d42eae5ae03414e4a50.png,AUJIH96W
61a9d66b2ef32f60176405a9f07e124ee2672775.png,BY7LAHC6
61db9f4b8826828150013c8f327ba8deed8f2734.png,2E8ZH8QZ
6231cd402ce46b370170a44729fe6f7405ceb76a.png,NVXE2QBK
6278193335b443f9734a5f7bbb284835691b7206.png,6XSY0PYH
627d8afd7b4421252cd8b3305e4ed9cab3a2c3aa.png,L0M04YVM
62e23f2c9ffa25a98d44e5ea566561dca7a7a015.png,E2A192XU
64701e3aef109be302fc48da76b5e0a33e3b585c.png,LNMMOE79
6488b6c291f1191f87c65829ca29451eb530af3e.png,HAGPSVAG
64feea7b2e016688167c0a13bca7840505da4248.png,6E2U5318
65ac89c61b71135833eb1c4d19ced26ca4a83235.png,4POTLW7T
65c314328a6bc1bffbfc3b63f51d30176cde3001.png,21ZD4NCW
65ea19c31390a54b057a538c5b16635934aa6f05.png,JRCSA65V
65ef87d9b9ddc1f92f8a81154bb44211e51ae852.png,F1OB0RBO
661b2ec9db7fa163afb3836ab5dd286feda086a8.png,WL722DLO
662ca0f9842c047980a8d11c9d3ab2560af41bb3.png,3XMTI37J
663bbb7a7a3c7f8bc03ecd875d6d44d7a1ebf0ee.png,XJV3G9SJ
66b8c0f512f504af1facb756e3ef0f4412db0963.png,TVFPPC8B
66c952936024f4a479cb0efbe9e778ac4472a068.png,HF1CB5H9
66d02a8dff5184477f164f177be9ea89ed3ffba1.png,BA2R4MFV
6701d105d5b43b5122ace2e067b64b1248ac8744.png,8X8F1Q40
670df1a36e55cb2a9c1855e15f166d5ca01fbfa2.png,QZFFB7WN
67bb6fd5024c68f20718db798db693e9dfb7fc35.png,CXKEACC4
6879456712ad13029da5f931eff8c4b8b290763c.png,ZK4TSS7D
68c5951e3b7fb3e47b85e12492ec261c43171bad.png,QKW31TUO
69527621473b84a80d76d98164c27c3e0d19c27e.png,JW1RIUJQ
69db1fab43acd3d0f2e7297264ac5c108cf26509.png,Z4Q4UQS7
69f29f065e70e05ae8f8a298116aa9919957bd33.png,H9YYLLLT
6a4a4bdf7fb2ae6a9a7d2a10a3bf56df75afe42d.png,IBEY7V95
6a5ccfb84fe5b68a044bb4ab870b2686153d1e22.png,TRHX2A3G
6a6ac07ee1e6a9abb67328f3e0fe4bd55ce4271a.png,KY7P543F
6af6a7fb1bb4ccd7249fb9c1d84e3521a906b399.png,AN18S3GS
6b596bd60a822c316496170461f4c1ab9bc8daf0.png,GJVPDI57
6ba379d992b117ce9775a06ad15f532c0fc1581b.png,1O7UCL8W
6baf84226fb61b095d6f32694cc4bf1d91653742.png,PQYBK8A4
6c5ace07864d7de913d3ec8bed6bd0340dfea61d.png,N5R3T021
6ca361af0049473f6194c1839d47a17bdccb9a6a.png,WJAYJOYS
6cf5952887d57461c44b6d68c9e0a25a1cc839c0.png,2727M5YA
6d15261470886b16e1e4547b78986ff49f768fb5.png,3ABNP5MO
6d5252a144f23b8a1126a22fa3b8ad4fa8e57a78.png,848AAQ9X
6d74686f1b82363f597d23d6f63adba3afef9f19.png,JQL5VKGE
6df25aff0b525ecc6c65a08a4e05c297c05df8aa.png,SX37467P
6e97ba0d2f613c09c48214d9b695f523b889f3c7.png,HX5A49AI
6f9bf70615f114bbfe4cb21213a080dcf0157128.png,JNCJPUMG
703ee3b500a7a94dcafc8b35775b5856313070a9.png,OKM229J2
704f305aa1a23eefbe9f6d18e3c79e05b09c03e2.png,GJT8YY5R
7125ecdca19f6d1c7228d239fb22eb6170f8b5e9.png,WY1TNQS0
718d59d1832d84ec4ac0e5ff2dc66e8ec30ba5fe.png,OPJAFDBB
7242229d99e20d046d7ad990a18f012e22962fd4.png,BPR4QAUF
72cdda14fbd93bfa25be9026089997083074dcae.png,2ZJVR5J2
73068d67af49cbf8dcd6bce24b3addc7df82b669.png,MA8FP7EB
738c3dff4412dc16ad4ab8b5a244654b8a8dd955.png,HD8461LA
739e7348ff30639a273e35d511640cd1753992b7.png,9KY9DY76
73e40adfcb2d3a330aed3cd127c09e03268b0716.png,M5NNZ4F4
73e6767de1d492a805486da4a2a22bb6e9b00654.png,UBERR9WM
743c4cd8d146df6d9797c30470203ed3ab7222fd.png,AHHZIBND
74813a14934a387275141456e9450daabfa05f7b.png,QS81INK7
74e167856ea60c71f8d597068f9bf5cb61b2038a.png,1UG1MPD6
75a51cd007b7b7156c1462eec4000e29cab34ebc.png,2LNAUT91
7610b218e3bfd5e18998df04fb8c7d31f112e999.png,QOVUKCTK
763566d2d62079b58dd6902155eac3ee4523b71c.png,0E68NOKG
775c1829ff0817fc2e699dd27f11a9d76b2860dd.png,TQJ7PW2B
796893657e5c6d840023166855d813c71503df90.png,WIOMC736
79a4510b896bdb1c6e68046c1228d7276f899484.png,BFRZRP54
79cb178e080cf1095e39dbe243759f7c3b7ec62d.png,LVVFBIP7
79d473c58390425b69b0c86b48713d7b4ed53094.png,E7KV0LIF
79ed991f0304965414f53cfa184b014d8be99212.png,YA6QI825
7a2e7cafddb7d56f7b4da2dc740889b02a000db4.png,OFQDC3PQ
7a5e8ab1c7db912e2620f8f71959b1844856ba58.png,SIN80OTJ
7ae38622c53e520b419c91bf8709dc162bf3581d.png,2HTTQM4J
7ae93e157033a212086edbbe541ef6eb54a48462.png,XQ099OYA
7b3f5286e6553ef5961526c939f77813e8bb3d6d.png,WB881OJY
7b88f1d16f9087b0e07578fdd345c04454b0ad9c.png,HNXPLTRT
7c660ca96cb03ec4aedff1865ee854a5a43e4481.png,XY664W1K
7c8e6731c6df664409033750c649c270002553ec.png,FRY8R1FN
7c9bb5d20e4604b9a65039533d75c24c9f7ee220.png,WZAWN9FC
7e43e0ca24015744475d12e515e2ff2492cb0fd9.png,OL1RLKD5
7ec9b6fe4ac681540a4f1d8f3b40f6cdcc175cfd.png,U2KP4WOP
7f4e8657242765d2aaac4e6e21a32358220cf0f3.png,H48IJCNE
7f88f659c88cae92c86958ec608106a5a63297cc.png,1E8ZMN5X
7fb93ea1e55b4284149879f0a407e49cbee100c3.png,FI0VTWX6
8012d582dfe352197819ceeb42dde7f5432d374d.png,YTD4FHM8
805876c3bce4f01c65f025c3cfd5f586bb966ed5.png,NU5PFKCT
80e5bbf5debad9b30d6b7615cc968ac0ff0c8f05.png,ZDTLMQ3N
80fd3a023b3111c02b39528a2f5402c762df8ea9.png,WO7J1XTD
81ca70bc2cb575bdddd8d5bb86f4cdb46a70f587.png,QNP68S4Q
81faf75a9bc5a9a6547b886b1d2f34b7da350876.png,FJX57NRF
822494e3dffc78f38e7e5d7e9ec9a41fc55690f3.png,J1JOI1GC
8242788f157a5e18be6e51bf913eaa28d350dcf1.png,9GDTW89Y
833eaf3b5d64afd509124bc3ef390f366eaad4bc.png,QJS34M19
83de4aa79442d9edc9c9f40f8ee84ef62888e346.png,GF9FF3DK
83e10d2063ea997acd6d0aed697440060d5da036.png,7KNY1VZA
8405ef19aa11c98bbc01b5717c647046bf714f4a.png,Q8SA5ERS
8446eedf2fed14d477146c69e3e7bd60728c9b40.png,LPJH4YC3
847bedb86f450f3a227b643e8434dbf71f14fa82.png,RPVY6M5D
847c81403462535fbadaea3d3dae72b230f00e8d.png,059MLV2E
84a85ba3b8dcfc32862bdcd6722fe7eca617818f.png,UIKKEUJ5
84ca7a6823f2b55016e48bc551d3d472d5c953ce.png,FQPV5YUQ
853b0a0a3d1a704573563e1fb1906030856bc720.png,5PG8XFY1
853cb56b4a513235370899c67dd7af4acd31467f.png,6JGXZSZ2
854e68eb9024e94a8d9157fbf09ec67da6dc4c67.png,EGPETFPL
855336b94216e36a5202331f7dc838fe38806503.png,P6ASENKB
857f5f50cd3685fe3c1b27a80d06d24635e8316a.png,QOIQ83ED
85a4011ced671adac6d9918b0b18fcffdcedc85f.png,6A86AERK
85c1748a796a7b938607329ff9dc0b12015caf55.png,TW39CRLJ
865992bdd91d7f88da26b15564222271f470bac2.png,MW9IJ1IB
86b4c320d5bd336b5fe419c41da0ed37c828b6d5.png,VZNEDQCK
87187001196fbebacea7d7eee3e8335d00c13fa0.png,3T8VWHD0
877f26912def436441124b62397e554390bf9378.png,JRNW6NMH
87aba7435ef5a4429e6899440aaf4fde816f13f6.png,W1MN9YKC
881619e2ded1f80c5cfaccd43a51488ebcfbacc5.png,BHC1PGK5
88d16a1d5bf6627b370eb5d41f6741b4da565dd1.png,W2CUZ4KJ
8928b43a57338bece4b0450c4ce26e53d2e760c1.png,804QQYYC
897ac18a1676a436469b6660e803e3dfc26b2e9d.png,3P5MMWA4
89a0a6ca0389a085fe22c6960e8fc803334dc79e.png,HAXP8TR5
89a688180c1b12f3e8b3e540fed116f197d7a1ad.png,7TBSX83I
89f3e051dcbc794b6cd2e63058c6fbc46e5fc416.png,458NU9JM
8a0522ff53342b6ba0b4dd72a3382e44bbd9cba7.png,X8DYPFPF
8a0772cddac9046eff686c3b46b28e6130f5060e.png,2J5IO1T4
8a22c8198bf09df92499bb54d982d3640e8262cd.png,365AY2NH
8a6ab12fcb45a1fb5b746ac484014e616a88f23b.png,6K5RVQ8A
8a954e857bf4e06a4c83564f8b954fbe96bea407.png,I5X49YHE
8b52dd58bdf69ad8202ddddbdff21173d4210a19.png,EF84FAIR
8bc06309ff88bd2a87ec3da5a71a69becebae311.png,SVUUSY5B
8bddfe24e5d66faf78f5ceec66ec23e1c3f86309.png,SXQO75CZ
8c6937f24f5252e0af920df249a8fc6a00b246b4.png,4MV7VOUO
8c7fea216d4adf5dd854387ab3e9ba8a3385b524.png,FU6PFYNW
8caf946c7858f77e2b4c42daf7c81936e3a9152c.png,G4SQBR8M
8cf119b8d0aaa469a7608467b5085e76e759f6be.png,OJ2NG3SM
8cfaa3f7b3ebc57c3ca9b84a2a78aa999016cf5e.png,ZU05IMV5
8d1704e0d5cb93eeaf00a3e7144e39e0e4bbadb6.png,RYOBEV4N
8d4a6e9d57251dfacd034b6ed9aa45fd1559ee01.png,X07TJ9ZZ
8da38757ea5cf3ce4dbd4f1ece5a1b21bd83c3b1.png,GR9QFTUL
8e5cd4dd7e17b0d841c05e7165c8afedebf036d4.png,ZZP7B8QN
8e67f64c103c7550d5ec89a3a89df0fa3ffdff45.png,2YILMSI5
8ece35fd9efcd2741f5c2bb3ed28add5d2daa749.png,BW44IIJ8
8eefd61723045642828667356c3de17a003e978b.png,QJTOTOET
8f0491002910ca96fc36bbea1721a2dcc7edffa0.png,JN84RVPT
8f04bed26fc7758e1b4bec8c3171632a1d1331b3.png,NE9A15X0
8f36850cb4f81acabda9e9dceda6a3ea25ef90bf.png,AWI6RPJ1
8f5ac5b1301868f9b9cfb389e9699ac3f152a8cf.png,B1OFWBH4
8fb9968e70055be855e91671c83a3008009c4302.png,46EUY8SP
9007fe512073eb2c1efafb151bbe7dcf9d4144bc.png,E1NRTWDP
9162b5e9ab4fed7681171eac9541662a2d9affd0.png,OHEHXF3X
91743ddc572151cf472dc9087f34b9f1b8ecf234.png,JYE3ZAEI
928bd8d804ccb470dc72ff8d59f048806759d61a.png,1TQNW0KI
92c3276e2052b15299bd0177b970449697ae770f.png,3UFMKUWR
92cd3a9530d4c6de6f37e386e0b672f7164ea306.png,K0EBC7XX
93a3c2b930065635789b88dd38989812352bee04.png,P4PBCWW1
93e3eb1a31fb15c661bb65f283ff523076ee17a7.png,34SFQRJH
93e7d23b3cbbe3d142781c26ada2bdd61ee9d868.png,67H38OC4
93f5a6c97008ead4266a1c6093821759b2bb983a.png,RFHEEZ74
93f98f94018d047368b32b8acc3d9e7cbeebdb88.png,PJBT00ZB
9404dba0620f22aeb27ea9b1be81b320d2f3b5c4.png,QFLYRKDH
94668f277b098ad209097fb86c79904f2202488d.png,KCQUEJEO
9479dd1f0b25881b6f3241c60a6884d171ba5ead.png,HDVOYMG1
94ea25f44d7a14d06759ed9596b7233ac0c53369.png,7IAQD1AC
959dbf35de32bdb446c79d9cb1730f7066a1422e.png,DCTMW3XF
95d56803f7edd3aae368154721d6874d9b4a8a81.png,J10S8G1M
967c5108107c527d80d5d5be8f95b81a704e680d.png,NI9KKL08
96b4a4a1ed3a708eeb9ddb92ed57ec8548028ead.png,IPZSNKEP
96d0cabd6e46654e0b48c58b9301c55c3b5217e3.png,69YWSSA1
9727d820b0ee026a5e57d8719717236bf62c2154.png,OSSKD5W6
972bc6da9909ec270f747bb6a56f3f11f0b06d19.png,2ZPJUYMP
9763de2908c19831a492eefc7e4b73fd95ba4339.png,O54ZJRO1
97931ba0f0a8848ced855cd18140209fd43916b8.png,FBVIN83K
97c3c2737e80eff87f105ff5e670149c648a89da.png,2SW55W2O
97d167b0763a6200934c6635cdae14a4110a4da7.png,5YSQSGCO
97dc459edef2ee722e886bd231bddf57a5259597.png,XP0UNZMU
97e313e294d7082f624fbf097e5726a8a47c6a36.png,RR2AY0T9
98d29151df91969c66604efc6b03635c89685a32.png,73QCV3H0
9925defdfe9096879dbb726a2bc35b25439b172d.png,V6KRYT1X
995da5e555a9b1cd458324739536ff0f7a93345b.png,1VQ09DTJ
9983f8c4295cafd768ce051e42f5a934df1f0792.png,YB4YQI1G
99a3ad0d902d28bbe831f1cc6b3219c515d1db34.png,VEMWAHX3
9a13cd31413803e15819ddde4944c753686306d6.png,V32MNJSF
9a8d7808ded60482637a099ca7f00eb2ae1cba84.png,09K1VHT8
9abecbfdb74cc4534ed87f23a3189d229db22c6f.png,BWJ0K9WV
9b31d47e1a7dbd96490078d117223e64c8343e8f.png,5LLQMC9B
9b6913b34864b56bb58a0cea2d3e9dc5f39f946f.png,W9YZ95NG
9b956fe304144b9b0f07b4da0967edb927797dab.png,W1NNPJX2
9bc116e62b3c2bd6cea15004de384dd744bd4c5e.png,FOU9PGZU
9c041d754532d6916d73654ac01d6a2b09fe1069.png,K05LG143
9c82b375be53c79566d3a21ef3ae6512de7ff668.png,RLULPBOA
9d632018437d625c190f041995cb35553483aa3a.png,5RNG8HDA
9dd1465730b3122604efce5fa4c68a26bcf2820f.png,OQ2I1EPS
9e47b1bac3101f7b1142298f75438ef865b7356e.png,VIJ8XJHT
9e6956a79b08b84b3677eb1f96950f98a533b3db.png,B65ZZMXT
9f2737a7d58a0f4f583786afa2f79f85e2babf44.png,9UOM4G3U
9f43cbf4dfeb172323d71c628a3c09452194d4c9.png,O5ZDGEMY
9f4c18684af71a892268eb2ce4abf4aa187622f7.png,FW5QY6UK
9f5a65ed0150579b928ed5e0356f7f832f515e8e.png,79ZYMD0A
a1edbcb9b4a7a5ad651817f47072dbb57c2e8dcf.png,H9JHBOY7
a1eeac7f05871c45568fdeaf2486c09723d36d92.png,VYUCILRQ
a20e1d79d9f74348406b9e155901f0ab2e2d685f.png,GISWI9W5
a20f4d98db1bafa84f1a2f21fb0ccdd534797628.png,P7BK5WJA
a234a42848fe26e22dae085766f596017a03038d.png,41QELXIQ
a27eb710ee695d2de41f071db0129c4eeca45752.png,UZW3QOB9
a28e9a9777c032b12bd9a564574acf985479ecf3.png,BC5OIB24
a29e688b2ea842c1b92d87a6bef81fb5e445b9fd.png,DUZ4ARS4
a2d8dead1796e5064f0c5024e3952003c2c81e0d.png,Y94IL60G
a2de0866f1ad41782bddbf60a651f3eb4260c37f.png,A0AK0JAI
a2e91a6b4815032115e09fa292989e1d96478030.png,5D18FI0A
a3bd95e1874f994fdec4297a2e4ff777fd1cc8f8.png,MZCDJVZ4
a4873b75650ef4757f6994cef3199629b607bbd9.png,BH6CPVDD
a496bb799f80a5137076580ebbde7d3aa531ae2f.png,WGHO7ANO
a4d5e0f296614948bd7bac639e97389b04cf2392.png,2D2S9UIA
a4ffc1b450cfa343d49c8bd55954f52eca55cef8.png,WI6M0BBW
a57a97e85b6cd4df4e4abb303f6300f5f42143ca.png,MYWHROLL
a5f7269fda5a1dcefe9d71f40560cb2b205ef280.png,H06VW7I2
a639fec744e080a23159d06d47111a2bf6c50fac.png,UMKKS0W9
a6921cb1937b739fd6324434080a80cdc981bfaa.png,C0N33BPG
a6fe40c08cacc7f6392bc0045349b21e5d33d130.png,O86A9XP4
a71fcc2b31b6f7f57576592bd032f3698eb3e42a.png,MZH602WJ
a743d2cafd83005b79f97a729ade3b755a70e419.png,S66HU1ZY
a78c4831c5150c21229b584cce2f11d70ca6a764.png,IABJLHZ1
a78cb789d4ab78bccc713a91c0686301f30e0db3.png,WQ86097U
a78feea29f4162b3c9be4e90ae548c3503c8580b.png,JJ5EME9J
a7c119a54f6d239812d986c227ba4cf451701198.png,Y5TM7T0K
a7d69fc7b9d1d7ed9795f56e9d9cc5d9a3f4927c.png,LHQD1Z1V
a81083320270c44aa76f71a171a5e7a56eec4f6f.png,N7CX6RGO
a83a0f5eb3d7047432fc504e984b8440d47fd1eb.png,9LFK1S38
a93f9b87bdd3da85e4293873ae5ca297b3c62457.png,YYDJE9D7
a9490a52a8975b59d15ce3b2fb7a84efc0ec7d53.png,NG1WIIEW
a9836b9ff6eaa3af44dc808ac5f253afa94b7f6b.png,1SO6B309
a9f640cb00623b8bfd0421cfaf1c67b1e31cb949.png,3FCK5G8D
aa243cf8cac98558044ced5a6cd727391d5db16a.png,UVYUBYVB
aabce112b8b85abea670ebb772487409e953a85f.png,PKRXIIM1
abbb7fa707204710ba4abc5a11a608fff0373cf4.png,ZTDMPKG8
ad8b9ae930a21e16b2703db60bfe7d8016fae878.png,PX1OKP9V
adeadac06aab93151ced2727042a528436fda654.png,CGOL8KO9
ae29295ba1631f3142e83026b18535c082a06cea.png,LPLA64Q5
aef45013c1e30299987aafbbf57458e1d699b5a8.png,HKV874WW
af316832c6bf43fec5d5e574856dde6c4644689c.png,3KYTAUCM
af6ae37e849a4ee77f4b086ce9bc8c3519b6d785.png,OUOSIZ8K
af8a3af4efc22d5030b9cb15948ad652424a4ab4.png,ODBA4TTY
b02af9743f396c256a00bbabc5556b12bb7e1226.png,A1NC6LKK
b152d35c145794ab19eff433c33b017c530ee6cd.png,GEXWQ8AG
b16751322f02ec012d935e5c55eb66ede0c0fee3.png,PCDK2NEV
b18948fdcd562a846f1e9374e0f9f69c8664f8df.png,WN6MVA7Z
b1c8ecae90a3d11e342df54ca29f40582954c069.png,G6H60AIT
b1f701ff8b04d1f046f7cacc5187be6dc76c09d4.png,ONRRGAUD
b2791bcbadbe87fcfb6eae4f53ecd378f4d5a47e.png,2IEDG936
b28d3e88489b1fe4009fcf9577b7bc051c1c5934.png,98IU01ZM
b34416619d67abca65398f96a3516964991f1b66.png,1CH743DR
b3f33dbb59d33dc3f6aaf43c6956a4f97cdf9ce1.png,O33U2PQ0
b427b98bdadf290e3b5bf6a59bacd6deb3d88717.png,AYNWHFKI
b4372cadbd820c9a23ad419bff0a2d9731f75676.png,EY2E87NN
b47e4e4292a558037206b969ac99a7fd05b5a6d1.png,W3RUH8Z5
b499e71fc5f06b27237d7b1dcf20f9c74de63934.png,U4DI1ISC
b4b9e935e12818f7498d746837f706e7e3495205.png,MWY7MHCC
b4c3b34f248170c8a814c9fb1b0af484f2b82b58.png,VTL7T7X0
b4d39afb7fc3706465873b37beaafac664729873.png,GPGGE0RI
b4f4b675208248e37cff7991eb9aff9f3ef1fd76.png,D30ZZOWR
b4f9f999135504058b5c75feb848f7345b3a10e3.png,TH4GD0BR
b53d1a9a7426678172972fc3a2c13bdd8e6a5f9c.png,RP74F6BS
b5637f0d6589fea7ecd727fe503d2b85b5e0a82a.png,SELG238G
b5658530409ada3f37aa6bbd23dcedf028266e95.png,5ODMQ22E
b5868058d8e354244e866652a8a59244827571ea.png,9SY5A8YL
b735a3684efb588c84ec574f341389a596d4ad61.png,G78RR1L4
b73bb692bfb998f646f2d422e21af6b7ff2fe8b2.png,8Q8Y2WYR
b7741626a5aeaeba8949563a861d0e21c23ede7c.png,LFQM9LQ0
b7ec641ed136dceac12d67f085a0fc50f06821e5.png,V8WHRWJ5
b80c970e1cb8019139dfc0a370950ca2148ea002.png,0HLXY5MI
b8a04cfb813dc45bea428e5b4e02524aa6131ef4.png,QQ5EBQHD
b931dad0ea8f7e4b9b1e190b758720a982f016d3.png,W3T9B4L5
b98857a8b24672b89c25b4bd911ae6c1512e58d0.png,31GG7JSS
b99564d403993a8c5ab517ffa708f07859125b41.png,WTS935KJ
b9aa0d98c907a4d4dbef3f6151ead96fcf8d543d.png,ZY9EWIE4
ba7952f360df6c2006faea3923f308fb5ba84a2e.png,YF39GCWZ
bac85e702c946cabe9934ba20f42d2472479570b.png,97TGOHZA
baf9e9282985d19f21a9c0a2920f1f48b0bde8ba.png,9X4BPVZ4
bb01763bdf4045d36717d7e7a698fe890a8c9cff.png,ML200XSD
bb4310f4fa4530f16d904c439e532494015077e1.png,T980QSG6
bbbff88dfebbd4f4e12e7dc00a8ff2ab4106b306.png,740VJ8YF
bc6cb64ac5a6fbb15e23aff4427242946d51c306.png,LWQ3Z3YI
bc9b6365c2cee9510118eeff3ea559a4ff4ba300.png,1LJWALAN
bcc1895d3d404b95cf80477bc20bff86d033fbc9.png,KITDGN5H
bda6719492bdb74326fd783fd26ff794b6e28b2b.png,J5Y33AS8
be651e2136e5d411b18fa260265a628c4eea6e11.png,8EINUP1R
bf6d8b3906fddeaa84e3018d0699a31f032f45de.png,Z1PW3JPM
bf736123d394266e6f74f90bba1c23915bd4a794.png,R6TNSP5T
bf8ab40dc49eb0142e6688d081ef1bce9da0a88d.png,546MMSTS
bfbc15e58e9ccb214093801842def6ac081b1bf6.png,IIZAJJ69
c0072f4c51f0551bea5fb60e72784b417792e22b.png,UWAITNPJ
c04e64cb38596294dc399289cac623cd65ff4227.png,1WPS9Q0O
c05a4ce112cb9d542e74457bfa69faad7ed6e0e6.png,94B8Q9YA
c084b93c06595be254e070e64afa34700547678f.png,GM5HBQ97
c0c4a896b349f6ed47b68af9ffd65601f54ed405.png,UAIBVNK3
c1196335af3d52d6b3aa297d9d725d90418b8f4a.png,N0ZSG3NL
c23385585b0c4bea6f1ad0ea090fb88729690e7e.png,6DSDUT2N
c2cd5a96aa9714c031f0e45743cd189789451f32.png,34JOKENB
c3ebeb7bd3e6ab70d3d0829e009295dd9cbbd424.png,UOTT28CF
c437221b2ca15c023dbf10db749571d28e7ab9b3.png,L8K29IHN
c44ecf5e632dafe8a2bc21ae06f478fc0a383d88.png,FRQ0RL59
c4b889033a78997403b096c348670d00224448c5.png,5MUPPXJK
c4c4af2c5c37c576f4aaab95db97c1498fbb36e9.png,3NZHO2TQ
c4e9190cfd46890b8eefa874f9e66cb4ff804d0e.png,WUAR613G
c52130e5ecf234dd4cf532eb43124535485ab0ab.png,2F3JH3L6
c5c0c3fd0329ee3f94d747c0227c558541743724.png,M37H3XDE
c65c01cadb2be78146e216f0b5f4d1594dcc37e1.png,8AFCNEI6
c75fe01c217ab15b44d35667d7c2f5c3b3174ea5.png,DRA95EWV
c7b78e30f9fd08e9602507a6493c9e0f7c625922.png,UTDHAYXR
c82e176433142e9e87365a59c0323e4f6277c3bb.png,2UBE3S2K
c8a0ac6cc572ece6a2e6ef25334e5e622aebcb9c.png,9D6JAJ45
c930f3e88ceb06e37d879f8f2c036baa8fa1f92e.png,HS0G554B
c9708cd8c6f826fe7ed82b6d6a8959c293c2aeee.png,3ZMNNSQF
c97422a1dd8aa243f66927abab91533d57c97667.png,GSPU8FUG
c9877469bdd7bad89142e618b973d6f497b7cf02.png,BRYZXV2B
ca5896b5debac35a0e6e381e252204e576eb34e5.png,OZMNESP9
ca95d4d59196eb6e6ba736fe0afc9ce0530ba170.png,62CMNVNW
caafd82e97dd5b40133ede6e4c96a1b593534c62.png,K8CK9ER3
cb0855ebdaac861d36462228e49acb87dcad8012.png,933RC66F
cc4b3163c4e1c5176bf891b073930f4bb13efc85.png,37AWRK4Y
cd6a061a4106f4ff00d2d0ec6dd4876e66d838d8.png,UBI3GZS5
cd84577124dffdda02c85b8a6f15b328effbd375.png,W953AMUW
cda2861acba71f593aae8f34c119d7cf3e0849c7.png,ID63TUIB
cdb2bb1618bdfe2af72cb999966f25ae5ceb3623.png,D2ZM2DZJ
cdc615b5c789f06ca88bbfb591fee88dfc55d234.png,OVEV9AC8
cde700fdeb143e1ca3662d5d778e92ecfb1817c7.png,O3C15IVL
ce444e4ed870dcfdf687fef3c7bd8eaa2c20e41f.png,ODOSN53N
cec9d2d7adf9fca616140396457ced6465504560.png,P61FD7B5
cf06f9f9a162ccb12bea20fa6c56bb6e4f3cb26c.png,36Y7IQJ5
cf0f4a53dac1a0920e12920843457b7a28b883b6.png,O93ZFGST
cfb57155f5ffd4025d8d8ff9230f85b18ab2da1d.png,VKE1JYGE
d0420a9741f58b3d857eb33e93bdb9551db3dc6f.png,2J8L2S09
d0cd5b527c752707924dd98572bbc5391b03b580.png,OUZ1OBWG
d13000a1304836186eabb8290738e88c0cafe08f.png,SNZE5WFA
d19e33229f59364f0bfff2c3625cdb9bb1e80173.png,BT061CQR
d268e11235f956002836147e3402567fc25c8b75.png,AWMYE0T0
d270d1ac5f998d3613aaf16beb6a53184f74d80c.png,P4HECLNQ
d289f82e43be4087276c95e74cfdebc85ebed30d.png,6TVRO6FW
d2b35d61cb7dd182c704a30f9a083d4e9af3bd5c.png,8NEJYJ7V
d2be4b0fd231711e8f7b5e9fd8d2ef3be27e09f9.png,IV0VW6R5
d2d474b93a6b04244c2f2e6c86c04292dfbf9827.png,0ZBIH5OB
d2df1a6b3d4aec33f3bdcd8c425cad87a7f5ac34.png,DEUHOXYD
d3b2298773c6c1b0f8a59fddeffb6e1a9ef4cebf.png,QWO6LX96
d4840fc37b3751adc104650322afd784cd6d0520.png,TK16VBFA
d5094fa5aaf1d0b3dbe8b91ec9f7cd815c3942fb.png,20Z5NVB3
d512d314ea93987effc69f24659ab26fb9973287.png,HKZY3LN7
d5740b56c023b26e68aab4f861cdb9b708efef89.png,Q46B01LI
d5d96dab22ef681233b497d0283afe34764bf03a.png,9ZDFSUJM
d68804eef9ae8c6a8bf3111536c91de2cc913336.png,GNG0O2QJ
d693bde3daecf3c0ef5cdcbd1134421987b1b9c9.png,YHRWBOA0
d6d52a762c6840f205ebaa61aeb0f219dc2e6e06.png,CI6UX46F
d6dd7b24cdd1e4f2db3f33ac8e8d4bf9b5ca1fd5.png,C5Y3EQ4N
d6ff06adb275129ce361fcdd97abe04f648ec7e2.png,28XOL4SG
d71644102809449449c8472103b0a81ad8c50b6b.png,51TLGCCM
d72c4489151fce14d38f32a3cf53b16d2d49892c.png,WPP33COF
d72efb64a9923c184b49b8424a2bcf29a613d386.png,BAF39XMF
d7e094389f1e4fa47d06f7c574683306938a6b69.png,D0T1COGE
d7f356b970e34cce60e6dc57e3b6a4a871b7244f.png,7N78D7YY
d7f7b81f99e5b60f68eeba334635912ab96c71b6.png,REER4IJ0
d88f4b8ad9f281f836e8c0a04e7cefeb3a060664.png,B7J5Q9BL
d8c0ad47e9741f0584a83c4f144a66e8a4c8a259.png,2ZGKJU6M
d8c7a697611effe7324bd380d6dece8e770429fb.png,FJ4TXILZ
d8edc5dcc808e856818db5dd9af42361462afeac.png,WJ405SBW
d8f27435ee8aa61cafe3f1d7dcbee0f5e2e48ec2.png,I6N5BHVD
d91e865e2c0ef8d7e631dd738297f10b74f5cb52.png,Z79VQ7E5
d97c7e38f8e016feafc1f77fec4b8bd1bc31fe34.png,PIHDM1FX
da968f19eda0cf542527129aeb3a721991531b95.png,S7K3QRC1
daf486b64c64450aa54b34b9f75435742cec5a57.png,Q4ZSR2YL
dba60fa484b867db4d5d6ef7d1e84bb99de1ff58.png,5W30ASNH
dbe0882eb82acfd4b0ce395fa6d25431c15909d5.png,3PON7N0Q
dbedc8ce217b74466b5285093c3aca62f0431ed8.png,97CGAHBV
dbfe32a01786c2118e622a7a45b1c705f8d93e26.png,O7XQMNES
dc4f64a516fe4e1401c7947287188064214c500c.png,WW6FNGET
dc6cb0890386128d72c8aaf6344884731d2919ce.png,BPZTBAQU
dc94bf51363ce9f14d89dd56964e1fec464edd8b.png,IU3OHV57
de574890b203b1db85c21008fa90907de79aa4a9.png,P5M5JR6C
de5f3f57ae1549c0b5d8b24bb326093cebc5809b.png,8CP9HXPE
de7f2bdedb27d29ae1576450de2f36d850cc92d4.png,MJEL88ED
deca1fc7f45cc07d4a3d712472d55852aef28b16.png,SNXQ3HK5
def8ae8bac066a645ee9fbd4b27d7f048aa50db7.png,T5QENWBG
df90c62bf533a376ac97fd21989a8a0bb957bf0e.png,SPH61BQT
e036aa628d0738cc00af13e4e49f382b1ef88ed5.png,OS4MMEAL
e1a79b25fb5016ccf50e3ee8ac0b0fa94bf2ee63.png,GGULEVO0
e2674f7b3d35cfc509d988e02898de041e54d11f.png,K075KZVZ
e27eb81b3ed1be07d6366472cd5fa0b1523ce3ec.png,TMAXPD7P
e2a1bf339b02f1cc226ec96aeff36f3e409a75c6.png,H4GBHCXL
e398464b56728c08ee75a3b06605d1ad2f30b337.png,LAYCN4GG
e3fdbc011993aab2e6598830f0de98b327c649e4.png,Y9308SMN
e4906d664c22be35517648c0d0bff2221294883f.png,UWNR4A8X
e5890ca5c0897c0ac72894231a4854ca282b3f10.png,P0ADCUC2
e5eda08a7387c58720444b21751e7038a8beda9e.png,8694HQFG
e60a78797500c4bc2f113a81da96ba13fc57a8b4.png,KW7S50V6
e6d850cf9ca38852004e2ab90baeb2904f9d0cc2.png,PPE8N4YV
e7006a184c64b050151c74aa0aaca9566c7da2a5.png,DLRF1JK0
e7e38db061216d510fc183426b22c710a24620f8.png,WPPD07R0
e8a9b6e678fa9649363e184b1a28597d4bb1880d.png,3498CQBW
e8f9b4b3e06b90d66ee3ea5de750d02f8518d176.png,3MC67P33
e90748d666da6069ae348d62f4546d326753ddae.png,3GRP933U
e92ad8b4513615d38e649246d4451fe721732cba.png,7UGSEFFO
e987b0bea9276340c5f177a923e856c99588c84a.png,DYJLGCY5
eb5ba803277b3b8d64ba498e4d2bdb2d45282309.png,ZU1A4Z1H
eba116c9017da3bedb9a4731b41660349a87a73c.png,R9CDP1LA
ec629f8c0f01cb2e451561b2d8e3152ac308f7a4.png,GRV7RDQH
ec6547d7feec86b62fcd6a28106402afdedc5b58.png,G2TQO5MB
ecf60e827ac6f778a89e5894333ab886e4f12172.png,6XQO0B0I
ed176dd806043b7bb91acd5fd671fe88021ea5f8.png,5WVKDDVE
ee3ad8f5ae717ed0e6e40f2e1f105f731b8ccbe9.png,VT4WL6OB
eec33b5020a58e7d5da24f0093f42ac80b67cca4.png,H78UQCKS
eedae9217dae3d2f448b66888d40771015940ea9.png,D6VH5KUP
ef86a7c629f4b1bdca014ee1e3fdd941d73572ae.png,PEN8SKZP
efd497ffd6dea9fe19d7f061039e63955091a398.png,ZTXXXWL7
eff7e7c1e0fba4961e2164761780f1c39418d2b4.png,JY494GME
f087acdf0c20686490cfab4cbd7e66010251040b.png,AU4X91IS
f097faa21bdd11c0e11ca4d626c6eccdce644a08.png,D4ZCOTHR
f1361b234da0ce3f7aba4b721374f59b7771c992.png,AK3OMKJC
f211861b5cca449615ac75699bd0d12689b45348.png,FQWA2XYB
f302c148bdeaf8c0bab8e40d2b8324fd81eb445f.png,N9ER3ZY5
f32c84d8aceec4de06f1ddae4ffb3db522de5d0f.png,GKPBCF5X
f331faf597547b9c0e2019172d041d1c74acc4c2.png,MU817JQR
f387a3a43ef2cd02d7f0aafc715fe64fb9b3643e.png,AUG10RMA
f3a81a1d34023cf6e811b4544c1fe2127303ed73.png,EG7E4BEN
f3eac384772b5d98c9e7103a93ca36b6eeb9df54.png,XSX74QV4
f3eb6deec930823df708fc9db87d0e5b7c7488c6.png,H40GJBT3
f44f0a43b0ca508c68aa3a7eb604af03038b0291.png,NMLP4CTD
f499e757f3d33e6aa67ad1225ccd246cca67dde0.png,V0C6PE9S
f49a75a5f79980c1a4bcb478151550ffde7822dc.png,44JD1EOL
f4a15d27d683477bd97537108247baf50ce3f9d6.png,XV5JPM41
f4cd5cae1cb6e73e26ccbdf91ec27bd261049277.png,OY11NUJ5
f574af53f6743aef7c6545c47ad2e389bf3efeb8.png,5FM6QLVE
f5de3e1c18877f94a33f149d0f228c563b415977.png,G3E5MMZJ
f615a461582105867021ed80ea331da83c6cc598.png,F52SD4NR
f62044eb5cfdd755d0cd2e2f850a1c3846facfdc.png,2MTL7O32
f71bf4c19d9670d464585ce97ec19c26986759ac.png,Q8P90K0V
f7285d6f51c8bce8915c9898b10699d84bfeb9ee.png,V9HNH677
f79c266252fd492446bca22383ec2306973266f7.png,IBC6PAG7
f81f9f4ae1e2d9da3df11b5df6a21fd251e21964.png,P3DJUR6G
f8901913c2eee3ef499e30c7de5a82bedef582de.png,VGHDB2J4
f946adfd051468aba5ab855bd5bbe601408d92ed.png,Q5IEH1M1
f9d4e2ad90e45601ffc5e816d87162486db26754.png,6U6AR2K6
f9dafb4c3203d37668a26b6645b339802318d080.png,UDRSG6RE
f9f8abe56cae7ffff9cbc2f68279702fbffee411.png,PLWNIWZC
fa73523872bc86166c697d332e54de2599989dbe.png,CPENIBB8
fbc5fed8ce77c6c87b5b0063ea59928338a38f82.png,T132FAJ4
fbf375cdb3e6d935f7a5e4cda453b2673dd1302c.png,DAYBXWR2
fc08fb0a34fab5beff21c8df2de3748c787b7e9e.png,DHR7MXZL
fc6e2b3336435c856159a5576ffcdfa14fe276ac.png,16YZJMZ3
fc8f78a0cd7cadbd0348bd5ec84e8c13a9244c3b.png,3BJPBMF5
fcc5a75f94c6893658019b864373f0c66128b486.png,JMBUV6F7
fd7cc8c1f67c1524fbd7e1e84671a5e4a1a8c94d.png,JTPR1R8B
fe4b6467a0c3a032094d38f05d0db65a66ac19b7.png,ZE01UN6M
fe50b483b2e5d0c7c62c2593b6d18021a42e2241.png,3J5SUI7M
fe5fcc71a4a4ba0973271deceb11d6287f2d1a7a.png,NDMC96XR
fe7d051e029ed2707ff1049069d01ac1bace75a1.png,3RNUFT4F
ff5bac4954869b2c1b8f0a76cd1a3427c0d5817a.png,QN2HHHZG
ffa66daa7646c5d5eaa4dadf459c53bb49103ab4.png,6DEQWBE0